p_name,release_date,specs,price_bdt,category,source
Samsung Galaxy S25 FE,2026,Samsung Galaxy S25 FE | Review: 👍 High Demand,60990,smartphone,Dazzle
Samsung Galaxy F36,2026,Samsung Galaxy F36 | Review: 🛍️ Top Selling,23990,smartphone,Dazzle
iPhone Air,2026,iPhone Air | Review: 🔥 Hot Product,114444,smartphone,Dazzle
Google Pixel 10 Pro,2026,Google Pixel 10 Pro | Review: 🔥 Hot Product,105990,smartphone,Dazzle
iPhone 17 Pro,2026,iPhone 17 Pro | Review: 🔥 Hot Product,155888,smartphone,Dazzle
iPhone 17,2026,iPhone 17 | Review: 🔥 Hot Product,101990,smartphone,Dazzle
Samsung Galaxy M36,2026,Samsung Galaxy M36 | Review: 🔥 Hot Product,23990,smartphone,Dazzle
iPhone 17 Pro Max,2026,iPhone 17 Pro Max | Review: 🔥 Hot Product,165888,smartphone,Dazzle
iQOO Z10 Lite,2026,iQOO Z10 Lite | Review: 🛍️ Top Selling,14222,smartphone,Dazzle
Motorola G96,2026,Motorola G96 | Review: 🔥 Hot Product,26990,smartphone,Dazzle
Realme 15,2026,Realme 15 | Review: ,34990,smartphone,Dazzle
Google Pixel 10,2026,Google Pixel 10 | Review: ,75990,smartphone,Dazzle
Tecno Spark 40C,2026,Tecno Spark 40C | Review: ,15490,smartphone,Dazzle
Vivo Y19s GT,2026,Vivo Y19s GT | Review: ,17990,smartphone,Dazzle
Vivo Y400 5G,2026,Vivo Y400 5G | Review: ,31990,smartphone,Dazzle
Vivo Y400,2026,Vivo Y400 | Review: ,30990,smartphone,Dazzle
Vivo T4R,2026,Vivo T4R | Review: ,27990,smartphone,Dazzle
Realme 15 Pro,2026,Realme 15 Pro | Review: ,41490,smartphone,Dazzle
Infinix GT 30,2026,Infinix GT 30 | Review: ,32990,smartphone,Dazzle
Realme Note 70T,2026,Realme Note 70T | Review: ,17990,smartphone,Dazzle
Realme Narzo 80 Lite 5G,2026,Realme Narzo 80 Lite 5G | Review: ,17990,smartphone,Dazzle
Oppo K13 Turbo,2026,Oppo K13 Turbo | Review: ,29990,smartphone,Dazzle
Oppo K13 Turbo Pro,2026,Oppo K13 Turbo Pro | Review: ,34990,smartphone,Dazzle
Oppo Find N3,2026,Oppo Find N3 | Review: ,203590,smartphone,Dazzle
Oppo F27 Pro Plus,2026,Oppo F27 Pro Plus | Review: ,33590,smartphone,Dazzle
Tecno Spark Go,2026,Tecno Spark Go | Review: ,18990,smartphone,Dazzle
Samsung Galaxy A07,2026,Samsung Galaxy A07 | Review: ,13990,smartphone,Dazzle
Google Pixel 10 Pro Fold,2026,Google Pixel 10 Pro Fold | Review: ,229990,smartphone,Dazzle
Google Pixel 10 Pro XL,2026,Google Pixel 10 Pro XL | Review: ,122990,smartphone,Dazzle
Realme P4,2026,Realme P4 | Review: ,28990,smartphone,Dazzle
Realme P4 Pro,2026,Realme P4 Pro | Review: ,42990,smartphone,Dazzle
Infinix Hot 60i 5G,2026,Infinix Hot 60i 5G | Review: ,19990,smartphone,Dazzle
Oppo A3x 5G,2026,Oppo A3x 5G | Review: ,17590,smartphone,Dazzle
Xiaomi Poco M7,2026,Xiaomi Poco M7 | Review: ,21990,smartphone,Dazzle
Xiaomi Poco M7 Plus,2026,Xiaomi Poco M7 Plus | Review: ,23990,smartphone,Dazzle
Vivo V60,2026,Vivo V60 | Review: ,46999,smartphone,Dazzle
Vivo V50 Lite 5G,2026,Vivo V50 Lite 5G | Review: ,29490,smartphone,Dazzle
Vivo V50 Lite,2026,Vivo V50 Lite | Review: ,27490,smartphone,Dazzle
Vivo X200 FE,2026,Vivo X200 FE | Review: ,69899,smartphone,Dazzle
Vivo X Fold5,2026,Vivo X Fold5 | Review: ,124990,smartphone,Dazzle
Oppo Reno14 F,2026,Oppo Reno14 F | Review: ,44990,smartphone,Dazzle
Oppo K13x,2026,Oppo K13x | Review: ,17990,smartphone,Dazzle
Tecno Pova 7 Ultra,2026,Tecno Pova 7 Ultra | Review: ,32990,smartphone,Dazzle
Tecno Pova 7,2026,Tecno Pova 7 | Review: ,23990,smartphone,Dazzle
Tecno Spark Go 2,2026,Tecno Spark Go 2 | Review: ,14990,smartphone,Dazzle
Vivo T4 Lite,2026,Vivo T4 Lite | Review: ,18990,smartphone,Dazzle
Xiaomi Poco F7,2026,Xiaomi Poco F7 | Review: ,45977,smartphone,Dazzle
Vivo Y400 Pro,2026,Vivo Y400 Pro | Review: ,37999,smartphone,Dazzle
Infinix Smart 10 HD,2026,Infinix Smart 10 HD | Review: ,11990,smartphone,Dazzle
Infinix Smart 10 Plus,2026,Infinix Smart 10 Plus | Review: ,13490,smartphone,Dazzle
Infinix Smart 10,2026,Infinix Smart 10 | Review: ,12490,smartphone,Dazzle
Realme Narzo 80 Lite,2026,Realme Narzo 80 Lite | Review: ,14990,smartphone,Dazzle
Vivo T4 Ultra,2026,Vivo T4 Ultra | Review: ,62990,smartphone,Dazzle
Samsung Galaxy Z Flip 7 FE,2026,Samsung Galaxy Z Flip 7 FE | Review: ,73990,smartphone,Dazzle
Oppo A3x,2026,Oppo A3x | Review: ,13190,smartphone,Dazzle
Oppo A3 5G,2026,Oppo A3 5G | Review: ,19890,smartphone,Dazzle
Oppo A3,2026,Oppo A3 | Review: ,14990,smartphone,Dazzle
Infinix Hot 60 Pro,2026,Infinix Hot 60 Pro | Review: ,22990,smartphone,Dazzle
Infinix Hot 60 Pro Plus,2026,Infinix Hot 60 Pro Plus | Review: ,24990,smartphone,Dazzle
Infinix Hot 60,2026,Infinix Hot 60 | Review: ,17990,smartphone,Dazzle
Samsung Galaxy Z Fold 7,2026,Samsung Galaxy Z Fold 7 | Review: ,176990,smartphone,Dazzle
Samsung Galaxy Z Flip 7,2026,Samsung Galaxy Z Flip 7 | Review: ,99990,smartphone,Dazzle
Vivo Y19s Pro,2026,Vivo Y19s Pro | Review: ,16999,smartphone,Dazzle
Tecno Spark 40 Pro Plus,2026,Tecno Spark 40 Pro Plus | Review: ,28990,smartphone,Dazzle
Tecno Spark 40 Pro,2026,Tecno Spark 40 Pro | Review: ,18990,smartphone,Dazzle
Tecno Pova 7 Pro,2026,Tecno Pova 7 Pro | Review: ,29990,smartphone,Dazzle
Tecno Pova 7 5G,2026,Tecno Pova 7 5G | Review: ,24990,smartphone,Dazzle
Tecno Spark 40,2026,Tecno Spark 40 | Review: ,17990,smartphone,Dazzle
Xiaomi Poco M5,2026,Xiaomi Poco M5 | Review: ,12992,smartphone,Dazzle
Samsung Galaxy A17 5G,2026,Samsung Galaxy A17 5G | Review: 🔥 Hot Product,23490,smartphone,Dazzle
iQOO Z10 Turbo Plus,2026,iQOO Z10 Turbo Plus | Review: 🔥 Hot Product,44990,smartphone,Dazzle
iQOO Z10R,2026,iQOO Z10R | Review: ,26490,smartphone,Dazzle
Oppo Find X9 Pro,2026,Oppo Find X9 Pro | Review: ,99989,smartphone,Dazzle
iPhone Air,2026,iPhone Air | Review: 🔥 Hot Product,114444,smartphone,Dazzle
Motorola Moto G85 5G,2026,Motorola Moto G85 5G | Review: 🛍️ Top Selling,23990,smartphone,Dazzle
Motorola Moto G45 5G,2026,Motorola Moto G45 5G | Review: 😍 Customers Choice,15990,smartphone,Dazzle
Samsung Galaxy A17,2026,Samsung Galaxy A17 | Review: 🔥 Hot Product,22490,smartphone,Dazzle
Samsung Galaxy A57 5G,2026,Samsung Galaxy A57 5G | Review: 🔥 Hot Product,59790,smartphone,Dazzle
Samsung M07,2026,Samsung M07 | Review: 🔥 Hot Product,13690,smartphone,Dazzle
iPhone 17e,2026,iPhone 17e | Review: 🔥 Hot Product,77990,smartphone,Dazzle
vivo X300 Pro,2026,vivo X300 Pro | Review: ,95489,smartphone,Dazzle
Vivo X300,2026,Vivo X300 | Review: ,78989,smartphone,Dazzle
Oppo Find X9,2026,Oppo Find X9 | Review: ,79989,smartphone,Dazzle
vivo iQOO 15,2026,vivo iQOO 15 | Review: ,76989,smartphone,Dazzle
vivo iQOO Neo11,2026,vivo iQOO Neo11 | Review: ,55989,smartphone,Dazzle
Samsung Galaxy S26 Ultra 5G,2026,Samsung Galaxy S26 Ultra 5G | Review: 🔥 Hot Product,130990,smartphone,Dazzle
Vivo T4 Pro,2026,Vivo T4 Pro | Review: ,43990,smartphone,Dazzle
ZTE nubia RedMagic 10 Air,2026,ZTE nubia RedMagic 10 Air | Review: ,61490,smartphone,Dazzle
Xiaomi Poco C85,2026,Xiaomi Poco C85 | Review: ,16990,smartphone,Dazzle
Vivo Y500,2026,Vivo Y500 | Review: ,28990,smartphone,Dazzle
ZTE nubia RedMagic 10 Pro,2026,ZTE nubia RedMagic 10 Pro | Review: ,120990,smartphone,Dazzle
ZTE nubia RedMagic 10S Pro,2026,ZTE nubia RedMagic 10S Pro | Review: ,115990,smartphone,Dazzle
Realme 15T,2026,Realme 15T | Review: ,35990,smartphone,Dazzle
Oppo A6 Max,2026,Oppo A6 Max | Review: ,34990,smartphone,Dazzle
Motorola Moto G06,2026,Motorola Moto G06 | Review: ,23990,smartphone,Dazzle
Motorola Moto G06 Power,2026,Motorola Moto G06 Power | Review: ,15190,smartphone,Dazzle
Motorola Edge 60 Neo,2026,Motorola Edge 60 Neo | Review: ,63990,smartphone,Dazzle
Motorola Moto G64 5G,2026,Motorola Moto G64 5G | Review: ,18490,smartphone,Dazzle
Xiaomi Poco C55,2026,Xiaomi Poco C55 | Review: ,10490,smartphone,Dazzle
Motorola Moto G Stylus 5G (2026),2026,Motorola Moto G Stylus 5G (2026) | Review: ,74990,smartphone,Dazzle
Realme C85 Official,2026,Realme C85 Official | Review: ,20999,smartphone,Dazzle
vivo iQOO Z11x,2026,vivo iQOO Z11x | Review: ,26990,smartphone,Dazzle
Motorola Edge 70 Fusion,2026,Motorola Edge 70 Fusion | Review: ,36690,smartphone,Dazzle
vivo Y05,2026,vivo Y05 | Review: ,13990,smartphone,Dazzle
Samsung A07 official,2026,Samsung A07 official | Review: ,14990,smartphone,Dazzle
Samsung Galaxy F70e,2026,Samsung Galaxy F70e | Review: ,24990,smartphone,Dazzle
ZTE nubia Z80 Ultra,2026,ZTE nubia Z80 Ultra | Review: ,101990,smartphone,Dazzle
Realme 15 Lite,2026,Realme 15 Lite | Review: ,24990,smartphone,Dazzle
Realme P4 Power,2026,Realme P4 Power | Review: ,35990,smartphone,Dazzle
Realme 16,2026,Realme 16 | Review: ,49990,smartphone,Dazzle
Motorola Edge 70,2026,Motorola Edge 70 | Review: ,42190,smartphone,Dazzle
Motorola Moto G17,2026,Motorola Moto G17 | Review: ,24990,smartphone,Dazzle
Realme GT8 Pro,2026,Realme GT8 Pro | Review: ,69990,smartphone,Dazzle
Realme GT8,2026,Realme GT8 | Review: ,57990,smartphone,Dazzle
Realme C85,2026,Realme C85 | Review: ,33990,smartphone,Dazzle
Realme C85 Pro,2026,Realme C85 Pro | Review: ,19990,smartphone,Dazzle
vivo Y19s 5G,2026,vivo Y19s 5G | Review: ,13990,smartphone,Dazzle
Motorola Moto G57 Power,2026,Motorola Moto G57 Power | Review: ,21988,smartphone,Dazzle
Motorola Moto G17 Power,2026,Motorola Moto G17 Power | Review: ,29990,smartphone,Dazzle
Motorola Moto G67,2026,Motorola Moto G67 | Review: ,34990,smartphone,Dazzle
Motorola Moto G67 Power,2026,Motorola Moto G67 Power | Review: ,23499,smartphone,Dazzle
Motorola Moto G57,2026,Motorola Moto G57 | Review: ,22550,smartphone,Dazzle
Motorola Moto G77,2026,Motorola Moto G77 | Review: ,44990,smartphone,Dazzle
Realme Note 70 Official,2026,Realme Note 70 Official | Review: ,13999,smartphone,Dazzle
Realme C85 Pro Official,2026,Realme C85 Pro Official | Review: ,22999,smartphone,Dazzle
vivo X200T,2026,vivo X200T | Review: ,79990,smartphone,Dazzle
Oppo Reno15,2026,Oppo Reno15 | Review: ,52990,smartphone,Dazzle
vivo Y500i,2026,vivo Y500i | Review: ,27990,smartphone,Dazzle
Oppo Reno15 F,2026,Oppo Reno15 F | Review: ,50990,smartphone,Dazzle
vivo iQOO Z11 Turbo,2026,vivo iQOO Z11 Turbo | Review: ,52490,smartphone,Dazzle
Oppo Reno15 Pro Mini,2026,Oppo Reno15 Pro Mini | Review: ,65990,smartphone,Dazzle
Samsung Galaxy Z TriFold,2026,Samsung Galaxy Z TriFold | Review: ,494990,smartphone,Dazzle
Oppo Reno15 FS,2026,Oppo Reno15 FS | Review: ,65990,smartphone,Dazzle
Samsung Galaxy S26 5G,2026,Samsung Galaxy S26 5G | Review: ,102990,smartphone,Dazzle
Motorola Moto G100 Pro,2026,Motorola Moto G100 Pro | Review: ,25990,smartphone,Dazzle
Motorola Moto G100S,2026,Motorola Moto G100S | Review: ,21988,smartphone,Dazzle
Realme Narzo 90X,2026,Realme Narzo 90X | Review: ,18990,smartphone,Dazzle
Samsung Galaxy F17,2026,Samsung Galaxy F17 | Review: ,22499,smartphone,Dazzle
Oppo F31 Pro,2026,Oppo F31 Pro | Review: ,34990,smartphone,Dazzle
Oppo F31 Pro Plus,2026,Oppo F31 Pro Plus | Review: ,42490,smartphone,Dazzle
Vivo Y21d,2026,Vivo Y21d | Review: ,18490,smartphone,Dazzle
Realme P3 Lite,2026,Realme P3 Lite | Review: ,19990,smartphone,Dazzle
Oppo A6i,2026,Oppo A6i | Review: ,17990,smartphone,Dazzle
Google Pixel 6 Pro,2026,Google Pixel 6 Pro | Review: ,36990,smartphone,Dazzle
Acer ALG Gaming-AL15G-53 ,2026,Processor: Core i5 | Gen: 13th (Intel) | RAM: 16GB | Storage: 1TB SSD | GPU: Nvidia RTX 3050 Graphics | GPU Mem: 6GB | Display: 15.6 | Color: Steel Gray,110000,laptop,Ryans
Acer Aspire 15 AS15-42,2026,Processor: Ryzen 3 | Gen: Ryzen | RAM: 8GB | Storage: 512GB SSD | GPU: AMD Radeon Graphics | GPU Mem: Shared | Display: 15.6 | Color: Pure Silver,56500,laptop,Ryans
Acer Aspire 15 AS15-42,2026,Processor: Ryzen 5 | Gen: Ryzen | RAM: 8GB | Storage: 512GB SSD | GPU: AMD Radeon Graphics | GPU Mem: Shared | Display: 15.6 | Color: Pure Silver,66000,laptop,Ryans
Acer Aspire 3 A324-31 ,2026,Processor: Core N100 | Gen: 12th Standard (Intel) | RAM: 8GB | Storage: 512GB SSD | GPU: Intel UHD Graphics | GPU Mem: Shared | Display: 14 | Color: Steel Gray,46000,laptop,Ryans
Acer Aspire 3 A325-45,2026,Processor: Intel Celeron | Gen: Celeron Series | RAM: 8GB | Storage: 512GB | GPU: Intel UHD Graphics | GPU Mem: Shared | Display: 15.6 | Color: Pure Silver,37900,laptop,Ryans
Acer Aspire 3 A325-45 ,2026,Processor: Intel Celeron | Gen: Celeron Series | RAM: 12GB | Storage: 512GB SSD | GPU: Intel UHD Graphics | GPU Mem: Shared | Display: 15.6 | Color: Pure Silver,40800,laptop,Ryans
Acer Aspire 3 A325-53,2026,Processor: Core i3 | Gen: 13th (Intel) | RAM: 8GB | Storage: 512GB SSD | GPU: Intel UHD Graphics | GPU Mem: Shared | Display: 15.6 | Color: Blue,58000,laptop,Ryans
Acer Aspire 3 A325-53,2026,Processor: Core i5 | Gen: 13th (Intel) | RAM: 8GB | Storage: 512GB SSD | GPU: Intel Iris Xe Graphics | GPU Mem: Shared | Display: 15.6 | Color: Pure Silver,69900,laptop,Ryans
Acer Aspire 3 A325-53,2026,Processor: Core i5 | Gen: 13th (Intel) | RAM: 16GB | Storage: 512GB SSD | GPU: Intel Iris Xe Graphics | GPU Mem: Shared | Display: 15.6 | Color: Silver,70000,laptop,Ryans
Acer Aspire 3 A325-53,2026,Processor: Core i3 | Gen: 13th (Intel) | RAM: 8GB | Storage: 512GB SSD | GPU: Intel UHD Graphics | GPU Mem: Shared | Display: 15.6 | Color: Silver,55900,laptop,Ryans
Acer Aspire 3 A325-53,2026,Processor: Core i3 | Gen: 13th (Intel) | RAM: 8GB | Storage: 512GB SSD | GPU: Intel UHD Graphics | GPU Mem: Shared | Display: 15.6 | Color: Blue,55900,laptop,Ryans
Acer Aspire 3 A325-53 ,2026,Processor: Core i5 | Gen: 13th (Intel) | RAM: 8GB | Storage: 512GB SSD | GPU: Intel Iris Xe Graphics | GPU Mem: Shared | Display: 15.6 | Color: Silver,68000,laptop,Ryans
Acer Aspire Go 14 AG14-71M ,2026,Processor: Core Ultra 5 | Gen: Ultra | RAM: 16GB | Storage: 1TB SSD | GPU: Intel Arc Graphics | GPU Mem: Shared | Display: 14 | Color: Steel Gray,104000,laptop,Ryans
Acer Aspire Lite AL15-31,2026,Processor: Core N100 | Gen: 12th Standard (Intel) | RAM: 8GB | Storage: 512GB SSD | GPU: Intel UHD Graphics | GPU Mem: Shared | Display: 15.6 | Color: Steel Gray,42900,laptop,Ryans
Acer Aspire Lite AL15-52H ,2026,Processor: Core i5 | Gen: 13th (Intel) | RAM: 16GB | Storage: 512GB SSD | GPU: Intel UHD Graphics | GPU Mem: Shared | Display: 15.6 | Color: Silver,77000,laptop,Ryans
Acer Aspire Lite AL15-53,2026,Processor: Core i5 | Gen: 13th Standard (Intel) | RAM: 16GB | Storage: 512GB SSD | GPU: Intel Iris Xe Graphics | GPU Mem: Shared | Display: 15.6 | Color: Steel Gray,73000,laptop,Ryans
Acer Aspire Lite AL15-53 ,2026,Processor: Core i5 | Gen: 13th Standard (Intel) | RAM: 8GB | Storage: 512GB SSD | GPU: Intel Iris Xe Graphics | GPU Mem: Shared | Display: 15.6 | Color: Steel Gray,69000,laptop,Ryans
Acer Predator Helios Neo 16S AI PHN16S-71,2026,Processor: Core Ultra 7 | Gen: Ultra | RAM: 16GB | Storage: 1TB SSD | GPU: Nvidia RTX 5070 Graphics | GPU Mem: 8GB | Display: 16 | Color: Abyssal Black,325000,laptop,Ryans
Acer Predator Helios Neo 16S AI PHN16S-71,2026,Processor: Core Ultra 9 | Gen: Ultra | RAM: 32GB | Storage: 1TB SSD | GPU: Nvidia RTX 5070 Graphics | GPU Mem: 8GB | Display: 16 | Color: Abyssal Black,360000,laptop,Ryans
Acer Predator Helios Neo 16S AI PHN16S-71 ,2026,Processor: Core Ultra 7 | Gen: Ultra | RAM: 16GB | Storage: 1TB SSD | GPU: Nvidia RTX 5050 Graphics | GPU Mem: 8GB | Display: 16 | Color: Abyssal Black,285000,laptop,Ryans
Acer Predator Helios Neo 16S AI PHN16S-71 ,2026,Processor: Core Ultra 9 | Gen: Ultra | RAM: 16GB | Storage: 1TB SSD | GPU: Nvidia RTX 5070 Graphics | GPU Mem: 8GB | Display: 16 | Color: Abyssal Black,340000,laptop,Ryans
Acer Predator Helios Neo 16S AI PHN16S-71-73W,2026,Processor: Core Ultra 7 | Gen: Ultra | RAM: 16GB | Storage: 1TB SSD | GPU: Nvidia RTX 5060 Graphics | GPU Mem: 8GB | Display: 16 | Color: Abyssal Black,279900,laptop,Ryans
Acer Swift Go 14 SFG14-73 Series 1,2026,Processor: Core Ultra 7 | Gen: Ultra | RAM: 16GB | Storage: 1TB SSD | GPU: Intel Arc Graphics | GPU Mem: Shared | Display: 14 | Color: Pure Silver,146000,laptop,Ryans
Acer Swift Go 14 SFG14-73 Series 1,2026,Processor: Core Ultra 7 | Gen: Ultra | RAM: 16GB | Storage: 1TB SSD | GPU: Intel Arc Graphics | GPU Mem: Shared | Display: 14 | Color: Frost Blue,148000,laptop,Ryans
Acer Swift Lite SFL14-54M Series 1 ,2026,Processor: Core Ultra 5 | Gen: Ultra | RAM: 16GB | Storage: 512GB SSD | GPU: Intel Graphics | GPU Mem: Shared | Display: 14 | Color: Sunset Copper,107000,laptop,Ryans
Acer TravelLite TL14-52M-i3 ,2026,Processor: Core i3 | Gen: 13th (Intel) | RAM: 8GB | Storage: 512GB SSD | GPU: Intel UHD Graphics | GPU Mem: Shared | Display: 14 | Color: Silver,61000,laptop,Ryans
Acer TravelLite TL14-52M-i5 ,2026,Processor: Core i5 | Gen: 13th (Intel) | RAM: 8GB | Storage: 512GB SSD | GPU: Intel Iris Xe Graphics | GPU Mem: Shared | Display: 14 | Color: Silver,83000,laptop,Ryans
Acer TravelLite TL24-53M Series 1,2026,Processor: Core 7 | Gen: Core Series 1 | RAM: 16GB | Storage: 512GB SSD | GPU: Intel Graphics | GPU Mem: Shared | Display: 14 | Color: Silver,118000,laptop,Ryans
Acer TravelMate P214-54,2026,Processor: Core i3 | Gen: 12th (Intel) | RAM: 8GB | Storage: 512GB SSD | GPU: Intel UHD Graphics | GPU Mem: Shared | Display: 14 | Color: Black,54900,laptop,Ryans
Acer TravelMate P6 TMP-614-53,2026,Processor: Core i5 | Gen: 13th (Intel) | RAM: 16GB | Storage: 1TB SSD | GPU: Intel Iris Xe Graphics | GPU Mem: Shared | Display: 14 | Color: Galaxy Black,120000,laptop,Ryans
Apple MacBook Air,2026,Processor: Apple M5 | Gen: M Series | RAM: 16GB | Storage: 512GB SSD | GPU: Apple 8-Core GPU | GPU Mem: Shared | Display: 13.6 | Color: Starlight,151900,laptop,Ryans
Apple MacBook Air,2026,Processor: Apple M5 | Gen: M Series | RAM: 16GB | Storage: 512GB SSD | GPU: Apple 10-Core GPU | GPU Mem: Shared | Display: 15.3 | Color: Starlight,184000,laptop,Ryans
Apple MacBook Air,2026,Processor: Apple M5 | Gen: M Series | RAM: 16GB | Storage: 1TB SSD | GPU: Apple 10-Core GPU | GPU Mem: Shared | Display: 13.6 | Color: Starlight,184000,laptop,Ryans
Apple MacBook Air,2026,Processor: Apple M5 | Gen: M Series | RAM: 16GB | Storage: 1TB SSD | GPU: Apple 10-Core GPU | GPU Mem: Shared | Display: 13.6 | Color: Sky Blue,184000,laptop,Ryans
Apple MacBook Air,2026,Processor: Apple M5 | Gen: M Series | RAM: 16GB | Storage: 1TB SSD | GPU: Apple 10-Core GPU | GPU Mem: Shared | Display: 13.6 | Color: Silver,184000,laptop,Ryans
Apple MacBook Air,2026,Processor: Apple M5 | Gen: M Series | RAM: 24GB | Storage: 1TB SSD | GPU: Apple 10-Core GPU | GPU Mem: Shared | Display: 13.6 | Color: Midnight,209000,laptop,Ryans
Apple MacBook Air,2026,Processor: Apple M5 | Gen: M Series | RAM: 24GB | Storage: 1TB SSD | GPU: Apple 10-Core GPU | GPU Mem: Shared | Display: 13.6 | Color: Silver,209000,laptop,Ryans
Apple MacBook Air,2026,Processor: Apple M5 | Gen: M Series | RAM: 24GB | Storage: 1TB SSD | GPU: Apple 10-Core GPU | GPU Mem: Shared | Display: 13.6 | Color: Starlight,209000,laptop,Ryans
Apple MacBook Air,2026,Processor: Apple M5 | Gen: M Series | RAM: 16GB | Storage: 1TB SSD | GPU: Apple 10-core GPU | GPU Mem: Shared | Display: 15.3 | Color: Starlight,211000,laptop,Ryans
Apple MacBook Air,2026,Processor: Apple M5 | Gen: M Series | RAM: 16GB | Storage: 1TB SSD | GPU: Apple 10-core GPU | GPU Mem: Shared | Display: 15.3 | Color: Sky Blue,211000,laptop,Ryans
Apple MacBook Air,2026,Processor: Apple M5 | Gen: M Series | RAM: 16GB | Storage: 1TB SSD | GPU: Apple 10-core GPU | GPU Mem: Shared | Display: 15.3 | Color: Silver,211000,laptop,Ryans
Apple MacBook Air,2026,Processor: Apple M5 | Gen: M Series | RAM: 16GB | Storage: 1TB SSD | GPU: Apple 10-core GPU | GPU Mem: Shared | Display: 15.3 | Color: Midnight,211000,laptop,Ryans
Apple MacBook Air,2026,Processor: Apple M4 | Gen: M Series | RAM: 24GB | Storage: 512GB SSD | GPU: Apple 10-core GPU | GPU Mem: Shared | Display: 15.3 | Color: Silver,225000,laptop,Ryans
Apple MacBook Air,2026,Processor: Apple M5 | Gen: M Series | RAM: 24GB | Storage: 1TB SSD | GPU: Apple 10-core GPU | GPU Mem: Shared | Display: 15.3 | Color: Sky Blue,238000,laptop,Ryans
Apple MacBook Air,2026,Processor: Apple M5 | Gen: M Series | RAM: 24GB | Storage: 1TB SSD | GPU: Apple 10-core GPU | GPU Mem: Shared | Display: 15.3 | Color: Silver,238000,laptop,Ryans
Apple MacBook Air ,2026,Processor: Apple M5 | Gen: M Series | RAM: 16GB | Storage: 512GB SSD | GPU: Apple 10-Core GPU | GPU Mem: Shared | Display: 15.3 | Color: Midnight,184000,laptop,Ryans
Apple MacBook Air ,2026,Processor: Apple M5 | Gen: M Series | RAM: 16GB | Storage: 512GB SSD | GPU: Apple 10-Core GPU | GPU Mem: Shared | Display: 15.3 | Color: Silver,184000,laptop,Ryans
Apple MacBook Air ,2026,Processor: Apple M5 | Gen: M Series | RAM: 16GB | Storage: 512GB SSD | GPU: Apple 10-Core GPU | GPU Mem: Shared | Display: 15.3 | Color: Sky Blue,184000,laptop,Ryans
Apple MacBook Air ,2026,Processor: Apple M5 | Gen: M Series | RAM: 16GB | Storage: 1TB SSD | GPU: Apple 10-Core GPU | GPU Mem: Shared | Display: 13.6 | Color: Midnight,184000,laptop,Ryans
Apple MacBook Air ,2026,Processor: Apple M3 | Gen: M Series | RAM: 16GB | Storage: 1TB SSD | GPU: Apple 10-Core GPU | GPU Mem: Shared | Display: 13.6 | Color: Silver,185000,laptop,Ryans
Apple MacBook Air ,2026,Processor: Apple M5 | Gen: M Series | RAM: 24GB | Storage: 1TB SSD | GPU: Apple 10-core GPU | GPU Mem: Shared | Display: 15.3 | Color: Starlight,238000,laptop,Ryans
Apple MacBook Air ,2026,Processor: Apple M5 | Gen: M Series | RAM: 24GB | Storage: 1TB SSD | GPU: Apple 10-core GPU | GPU Mem: Shared | Display: 15.3 | Color: Midnight,238000,laptop,Ryans
Apple MacBook Neo,2026,Processor: Apple A18 | Gen: A Series | RAM: 8GB | Storage: 512GB SSD | GPU: Apple 5-core GPU | GPU Mem: Shared | Display: 13 | Color: Blush,99900,laptop,Ryans
Apple MacBook Neo ,2026,Processor: Apple A18 | Gen: A Series | RAM: 8GB | Storage: 512GB SSD | GPU: Apple 5-core GPU | GPU Mem: Shared | Display: 13 | Color: Citrus,99900,laptop,Ryans
Apple MacBook Pro,2026,Processor: Apple M5 | Gen: M Series | RAM: 16GB | Storage: 1TB SSD | GPU: Apple 10-core GPU | GPU Mem: Shared | Display: 14.2 | Color: Space Black,248000,laptop,Ryans
Apple MacBook Pro,2026,Processor: Apple M5 | Gen: M Series | RAM: 16GB | Storage: 1TB SSD | GPU: Apple 10-Core GPU | GPU Mem: Shared | Display: 14.2 | Color: Silver,248000,laptop,Ryans
Apple MacBook Pro,2026,Processor: Apple M5 | Gen: M Series | RAM: 32GB | Storage: 1TB SSD | GPU: Apple 10-Core GPU | GPU Mem: Shared | Display: 14.2 | Color: Silver,292000,laptop,Ryans
Apple MacBook Pro,2026,Processor: Apple M5 | Gen: M Series | RAM: 24GB | Storage: 1TB SSD | GPU: Apple 16-Core GPU | GPU Mem: Shared | Display: 14.2 | Color: Silver,306000,laptop,Ryans
Apple MacBook Pro,2026,Processor: Apple M5 | Gen: M Series | RAM: 24GB | Storage: 2TB SSD | GPU: Apple 16-Core GPU | GPU Mem: Shared | Display: 14.2 | Color: Space Black,360000,laptop,Ryans
Apple MacBook Pro,2026,Processor: Apple M5 | Gen: M Series | RAM: 24GB | Storage: 2TB SSD | GPU: Apple 20-Core GPU | GPU Mem: Shared | Display: 14.2 | Color: Silver,387000,laptop,Ryans
Apple MacBook Pro,2026,Processor: Apple M5 | Gen: M Series | RAM: 24GB | Storage: 2TB SSD | GPU: Apple 20-Core GPU | GPU Mem: Shared | Display: 14.2 | Color: Space Black,387000,laptop,Ryans
Apple MacBook Pro,2026,Processor: Apple M5 | Gen: M Series | RAM: 48GB | Storage: 1TB SSD | GPU: Apple 20-Core GPU | GPU Mem: Shared | Display: 14.2 | Color: Silver,410000,laptop,Ryans
Apple MacBook Pro,2026,Processor: Apple M5 | Gen: M Series | RAM: 48GB | Storage: 1TB SSD | GPU: Apple 20-Core GPU | GPU Mem: Shared | Display: 16.2 | Color: Space Black,427000,laptop,Ryans
Apple MacBook Pro,2026,Processor: Apple M5 | Gen: M Series | RAM: 48GB | Storage: 1TB SSD | GPU: Apple 20-Core GPU | GPU Mem: Shared | Display: 16.2 | Color: Silver,460000,laptop,Ryans
Apple MacBook Pro,2026,Processor: Apple M5 | Gen: M Series | RAM: 36GB | Storage: 2TB SSD | GPU: Apple 32-Core GPU | GPU Mem: Shared | Display: 14.2 | Color: Space Black,495000,laptop,Ryans
Apple MacBook Pro,2026,Processor: Apple M5 | Gen: M Series | RAM: 36GB | Storage: 2TB SSD | GPU: Apple 32-Core GPU | GPU Mem: Shared | Display: 14.2 | Color: Silver,495000,laptop,Ryans
Apple MacBook Pro ,2026,Processor: Apple M5 | Gen: M Series | RAM: 16GB | Storage: 512GB SSD | GPU: Apple 10-core GPU | GPU Mem: Shared | Display: 14.2 | Color: Silver,221000,laptop,Ryans
Apple MacBook Pro ,2026,Processor: Apple M5 | Gen: M Series | RAM: 24GB | Storage: 1TB SSD | GPU: Apple 10-Core GPU | GPU Mem: Shared | Display: 14.2 | Color: Silver,272000,laptop,Ryans
Apple MacBook Pro ,2026,Processor: Apple M5 | Gen: M Series | RAM: 24GB | Storage: 1TB SSD | GPU: Apple 10-Core GPU | GPU Mem: Shared | Display: 14.2 | Color: Space Black,272000,laptop,Ryans
Apple MacBook Pro ,2026,Processor: Apple M5 | Gen: M Series | RAM: 32GB | Storage: 1TB SSD | GPU: Apple 10-Core GPU | GPU Mem: Shared | Display: 14.2 | Color: Space Black,292000,laptop,Ryans
Apple MacBook Pro ,2026,Processor: Apple M5 | Gen: M Series | RAM: 24GB | Storage: 1TB SSD | GPU: Apple 16-Core GPU | GPU Mem: Shared | Display: 14.2 | Color: Space Black,306000,laptop,Ryans
Apple MacBook Pro ,2026,Processor: Apple M2 | Gen: M Series | RAM: 32GB | Storage: 1TB SSD | GPU: Apple 30-core GPU | GPU Mem: Shared | Display: 14.2 | Color: Space Gray,350000,laptop,Ryans
Apple MacBook Pro ,2026,Processor: Apple M5 | Gen: M Series | RAM: 24GB | Storage: 2TB SSD | GPU: Apple 16-Core GPU | GPU Mem: Shared | Display: 14.2 | Color: Silver,360000,laptop,Ryans
ASUS ExpertBook B1 B1403CVA Series 1,2026,Processor: Core 5 | Gen: Core Series 1 | RAM: 8GB | Storage: 512GB SSD | GPU: Intel Graphics | GPU Mem: Shared | Display: 14 | Color: Gentle Grey,87000,laptop,Ryans
Asus ExpertBook B3 B3405CCA Series 2,2026,Processor: Core Ultra 7 | Gen: Ultra | RAM: 8GB | Storage: 512GB SSD | GPU: Intel Arc 140T Graphics | GPU Mem: Shared | Display: 14 | Color: Gentle Grey,115000,laptop,Ryans
ASUS ExpertBook B5 B5302CEA ,2026,Processor: Core i5 | Gen: 11th (Intel) | RAM: 8GB | Storage: 512GB SSD | GPU: Intel Iris Xe Graphics | GPU Mem: Shared | Display: 13.3 | Color: Star Black,82500,laptop,Ryans
ASUS ProArt StudioBook 16 H5600QM,2026,Processor: Ryzen 7 | Gen: Ryzen | RAM: 16GB | Storage: 1TB SSD | GPU: Nvidia RTX 3060 Graphics | GPU Mem: 6GB | Display: 16 | Color: Star Black,232000,laptop,Ryans
ASUS ProArt StudioBook 16 H5600QM ,2026,Processor: Ryzen 9 | Gen: Ryzen | RAM: 32GB | Storage: 1TB SSD | GPU: Nvidia RTX 3060 Graphics | GPU Mem: 6GB | Display: 16 | Color: Star Black,258000,laptop,Ryans
ASUS ProArt StudioBook 16 H5600QR ,2026,Processor: Ryzen 9 | Gen: Ryzen | RAM: 32GB | Storage: 1TB SSD | GPU: Nvidia RTX 3070 Graphics | GPU Mem: 8GB | Display: 16 | Color: Star Black,298000,laptop,Ryans
ASUS ROG Strix G16 G614JU,2026,Processor: Core i5 | Gen: 13th (Intel) | RAM: 16GB | Storage: 512GB SSD | GPU: Nvidia RTX 4050 Graphics | GPU Mem: 6GB | Display: 16 | Color: Eclipse Gray,170000,laptop,Ryans
Asus ROG Strix G16 G614PH ,2026,Processor: Ryzen 9 | Gen: Ryzen | RAM: 16GB | Storage: 512GB SSD | GPU: Nvidia RTX 5050 Graphics | GPU Mem: 8GB | Display: 16 | Color: Eclipse Gray,240000,laptop,Ryans
Asus ROG Strix G16 G614PP ,2026,Processor: Ryzen 9 | Gen: Ryzen | RAM: 16GB | Storage: 1TB SSD | GPU: Nvidia RTX 5070 Graphics | GPU Mem: 8GB | Display: 16 | Color: Eclipse Gray,302000,laptop,Ryans
Asus ROG Strix G16 G614PP ,2026,Processor: Ryzen 9 | Gen: Ryzen | RAM: 32GB | Storage: 1TB SSD | GPU: Nvidia RTX 5070 Graphics | GPU Mem: 8GB | Display: 16 | Color: Eclipse Gray,332000,laptop,Ryans
ASUS ROG Strix G16 G615LP ,2026,Processor: Core Ultra 9 | Gen: Ultra | RAM: 32GB | Storage: 1TB SSD | GPU: Nvidia RTX 5070 Graphics | GPU Mem: 8GB | Display: 16 | Color: Volt Green,377000,laptop,Ryans
ASUS ROG Strix SCAR 18 G835LX Series 2,2026,Processor: Core Ultra 9 | Gen: Ultra | RAM: 64GB | Storage: 1TB SSD | GPU: Nvidia RTX 5090 Graphics | GPU Mem: 24GB | Display: 18 | Color: OFF-Black,649990,laptop,Ryans
Asus ROG Zephyrus G14 GA403WP,2026,Processor: Ryzen AI 9 | Gen: Ryzen | RAM: 32GB | Storage: 2TB SSD | GPU: Nvidia RTX 5070 Graphics | GPU Mem: 8GB | Display: 14 | Color: Platinum White,428000,laptop,Ryans
Asus ROG Zephyrus G16 GU605CR Series 2 ,2026,Processor: Core Ultra 9 | Gen: Ultra | RAM: 32GB | Storage: 1TB SSD | GPU: Nvidia RTX 5070 Ti Graphics | GPU Mem: 12GB | Display: 16 | Color: Platinum White,490000,laptop,Ryans
ASUS TUF Gaming A14 FA401UH,2026,Processor: Ryzen 7 | Gen: Ryzen | RAM: 16GB | Storage: 512GB SSD | GPU: Nvidia RTX 5050 Graphics | GPU Mem: 8GB | Display: 14 | Color: Jaeger Gray,192000,laptop,Ryans
ASUS TUF Gaming A15 FA506NCG,2026,Processor: Ryzen 7 | Gen: Ryzen | RAM: 8GB | Storage: 512GB SSD | GPU: Nvidia RTX 3050 Graphics | GPU Mem: 4GB | Display: 15.6 | Color: Graphite Black,119000,laptop,Ryans
Asus TUF Gaming A15 FA506NCQ,2026,Processor: Ryzen 7 | Gen: Ryzen | RAM: 16GB | Storage: 512GB SSD | GPU: Nvidia RTX 3050 Graphics | GPU Mem: 4GB | Display: 15.6 | Color: Graphite Black,124000,laptop,Ryans
ASUS TUF Gaming A16 FA607NUG ,2026,Processor: Ryzen 7 | Gen: Ryzen | RAM: 16GB | Storage: 1TB SSD | GPU: Nvidia RTX 4050 Graphics | GPU Mem: 6GB | Display: 16 | Color: Mecha Gray,154000,laptop,Ryans
ASUS TUF Gaming A16 FA607NUQ ,2026,Processor: Ryzen 7 | Gen: Ryzen | RAM: 16GB | Storage: 512GB SSD | GPU: Nvidia RTX 4050 Graphics | GPU Mem: 6GB | Display: 16 | Color: Mecha Gray,159000,laptop,Ryans
ASUS TUF Gaming A16 FA608UH ,2026,Processor: Ryzen 7 | Gen: Ryzen | RAM: 16GB | Storage: 512GB SSD | GPU: Nvidia RTX 5050 Graphics | GPU Mem: 8GB | Display: 16 | Color: Jaeger Gray,205000,laptop,Ryans
ASUS TUF Gaming A16 FA608UM ,2026,Processor: Ryzen 7 | Gen: Ryzen | RAM: 16GB | Storage: 512GB SSD | GPU: Nvidia RTX 5060 Graphics | GPU Mem: 8GB | Display: 16 | Color: Jaeger Gray,192000,laptop,Ryans
ASUS TUF Gaming F16 FX607VB Series 2,2026,Processor: Core 5 | Gen: Core Series 2 | RAM: 8GB | Storage: 512GB SSD | GPU: Nvidia RTX 3050A Graphics | GPU Mem: 4GB | Display: 16 | Color: Mecha Gray,115900,laptop,Ryans
ASUS TUF Gaming F16 FX608JH ,2026,Processor: Core i5 | Gen: 13th (Intel) | RAM: 16GB | Storage: 512GB SSD | GPU: Nvidia RTX 5050 Graphics | GPU Mem: 8GB | Display: 16 | Color: Jaeger Gray,170000,laptop,Ryans
Asus TUF Gaming F16 FX608JHI,2026,Processor: Core i7 | Gen: 14th (Intel) | RAM: 16GB | Storage: 1TB SSD | GPU: Nvidia RTX 5050 Graphics | GPU Mem: 8GB | Display: 16 | Color: Jaeger Gray,220000,laptop,Ryans
Asus TUF Gaming F16 FX608JMI ,2026,Processor: Core i7 | Gen: 14th (Intel) | RAM: 16GB | Storage: 1TB SSD | GPU: Nvidia RTX 5060 Graphics | GPU Mem: 8GB | Display: 16 | Color: Jaeger Gray,252000,laptop,Ryans
ASUS TUF Gaming F16 FX608JMR ,2026,Processor: Core i7 | Gen: 14th (Intel) | RAM: 16GB | Storage: 1TB SSD | GPU: Nvidia RTX 5060 Graphics | GPU Mem: 8GB | Display: 16 | Color: Jaeger Gray,252000,laptop,Ryans
Asus TUF Gaming F16 FX608JPR,2026,Processor: Core i7 | Gen: 14th (Intel) | RAM: 32GB | Storage: 1TB SSD | GPU: Nvidia RTX 5070 Graphics | GPU Mem: 8GB | Display: 16 | Color: Jaeger Gray,313000,laptop,Ryans
Asus TUF Gaming F16 FX608JPR ,2026,Processor: Core i7 | Gen: 14th (Intel) | RAM: 16GB | Storage: 1TB SSD | GPU: Nvidia RTX 5070 Graphics | GPU Mem: 8GB | Display: 16 | Color: Jaeger Gray,282000,laptop,Ryans
Asus V16 V3607VH Series 2,2026,Processor: Core 5 | Gen: Core Series 2 | RAM: 16GB | Storage: 1TB SSD | GPU: Nvidia RTX 5050 Graphics | GPU Mem: 8GB | Display: 16 | Color: Matte Black,144000,laptop,Ryans
Asus V16 V3607VH Series 2,2026,Processor: Core 7 | Gen: Core Series 2 | RAM: 16GB | Storage: 512GB SSD | GPU: Nvidia RTX 5050 Graphics | GPU Mem: 8GB | Display: 16 | Color: Matte Black,184000,laptop,Ryans
Asus VivoBook 14 ,2026,Processor: Ryzen AI 5 | Gen: Ryzen | RAM: 16GB | Storage: 512GB SSD | GPU: AMD Radeon 820M Graphics | GPU Mem: Shared | Display: 14 | Color: Cool Silver,112000,laptop,Ryans
Asus VivoBook 14 A1404VA Series 1,2026,Processor: Core 5 | Gen: Core Series 1 | RAM: 16GB | Storage: 512GB SSD | GPU: Intel Graphics | GPU Mem: Shared | Display: 14 | Color: Quiet Blue,84900,laptop,Ryans
Asus VivoBook 14 A1404VA Series 1,2026,Processor: Core 5 | Gen: Core Series 1 | RAM: 16GB | Storage: 512GB SSD | GPU: Intel Graphics | GPU Mem: Shared | Display: 14 | Color: Cool Silver,84900,laptop,Ryans
Asus VivoBook 14 F1407CA Series 2,2026,Processor: Core Ultra 5 | Gen: Ultra | RAM: 16GB | Storage: 512GB SSD | GPU: Intel Arc 130V Graphics | GPU Mem: Shared | Display: 14 | Color: Quiet Blue,108000,laptop,Ryans
Asus VivoBook 14 F1407CA Series 2,2026,Processor: Core Ultra 5 | Gen: Ultra | RAM: 16GB | Storage: 512GB SSD | GPU: Intel Arc 130V Graphics | GPU Mem: Shared | Display: 14 | Color: Cool Silver,108000,laptop,Ryans
Asus VivoBook 14 F1407CA Series 2,2026,Processor: Core Ultra 5 | Gen: Ultra | RAM: 16GB | Storage: 1TB SSD | GPU: Intel Arc 130T Graphics | GPU Mem: Shared | Display: 14 | Color: Cool Silver,112000,laptop,Ryans
ASUS VivoBook 14 F1407CA Series 2 ,2026,Processor: Core Ultra 5 | Gen: Ultra | RAM: 16GB | Storage: 1TB SSD | GPU: Intel Arc 130T Graphics | GPU Mem: Shared | Display: 14 | Color: Quiet Blue,112000,laptop,Ryans
ASUS VivoBook 14 F1407QA,2026,Processor: Snapdragon X | Gen: Snapdragon X Series | RAM: 16GB | Storage: 1TB SSD | GPU: Qualcomm Adreno Graphics | GPU Mem: Shared | Display: 14 | Color: Quiet Blue,98000,laptop,Ryans
ASUS VivoBook 14 F1407QA,2026,Processor: Snapdragon X | Gen: Snapdragon X Series | RAM: 16GB | Storage: 1TB SSD | GPU: Qualcomm Adreno Graphics | GPU Mem: Shared | Display: 14 | Color: Platinum Gold,98000,laptop,Ryans
Asus VivoBook 14 M1407KA ,2026,Processor: Ryzen AI 5 | Gen: Ryzen | RAM: 16GB | Storage: 512GB SSD | GPU: AMD Radeon 820M Graphics | GPU Mem: Shared | Display: 14 | Color: Quiet Blue,112000,laptop,Ryans
ASUS VivoBook 14 X1404VA Series 1,2026,Processor: Core 5 | Gen: Core Series 1 | RAM: 8GB | Storage: 512GB SSD | GPU: Intel Graphics | GPU Mem: Shared | Display: 14 | Color: Cool Silver,84900,laptop,Ryans
Asus VivoBook 15 A1504VA Series 1,2026,Processor: Core 3 | Gen: Core Series 1 | RAM: 8GB | Storage: 512GB SSD | GPU: Intel Graphics | GPU Mem: Shared | Display: 15.6 | Color: Cool Silver,65800,laptop,Ryans
Asus VivoBook 15 A1504VA Series 1,2026,Processor: Core 7 | Gen: Core Series 1 | RAM: 16GB | Storage: 512GB SSD | GPU: Intel Graphics | GPU Mem: Shared | Display: 15.6 | Color: Cool Silver,112000,laptop,Ryans
Asus VivoBook 15 A1504VA Series 1 ,2026,Processor: Core 3 | Gen: Core Series 1 | RAM: 8GB | Storage: 512GB SSD | GPU: Intel Graphics | GPU Mem: Shared | Display: 15.6 | Color: Quiet Blue,65800,laptop,Ryans
Asus VivoBook 15 A1504VA Series 1 ,2026,Processor: Core 5 | Gen: Core Series 1 | RAM: 16GB | Storage: 512GB | GPU: Intel Graphics | GPU Mem: Shared | Display: 15.6 | Color: Cool Silver,84900,laptop,Ryans
Asus VivoBook 15 A1504VA Series 1 ,2026,Processor: Core 5 | Gen: Core Series 1 | RAM: 16GB | Storage: 512GB SSD | GPU: Intel Graphics | GPU Mem: Shared | Display: 15.6 | Color: Quiet Blue,84900,laptop,Ryans
Asus VivoBook 15 A1504VA Series 1 ,2026,Processor: Core 5 | Gen: Core Series 1 | RAM: 16GB | Storage: 512GB SSD | GPU: Intel Graphics | GPU Mem: Shared | Display: 15.6 | Color: Cool Silver,84900,laptop,Ryans
Asus VivoBook 15 A1504VA Series 1 ,2026,Processor: Core 7 | Gen: Core Series 1 | RAM: 16GB | Storage: 512GB SSD | GPU: Intel Graphics | GPU Mem: Shared | Display: 15.6 | Color: Quiet Blue,112000,laptop,Ryans
ASUS VivoBook 15 X1504VA,2026,Processor: Core 5 | Gen: Core Series 1 | RAM: 8GB | Storage: 512GB SSD | GPU: Intel Graphics | GPU Mem: Shared | Display: 15.6 | Color: Quiet Blue,80000,laptop,Ryans
ASUS VivoBook 15 X1504VA,2026,Processor: Core 5 | Gen: Core Series 1 | RAM: 8GB | Storage: 512GB SSD | GPU: Intel Graphics | GPU Mem: Shared | Display: 15.6 | Color: Cool Silver,80000,laptop,Ryans
ASUS Vivobook 15 X1504VA,2026,Processor: Core i7 | Gen: 13th (Intel) | RAM: 16GB | Storage: 512GB SSD | GPU: Intel Iris Xe Graphics | GPU Mem: Shared | Display: 15.6 | Color: Quiet Blue,99500,laptop,Ryans
ASUS VivoBook 15 X1504VA ,2026,Processor: Core i7 | Gen: 13th (Intel) | RAM: 16GB | Storage: 512GB SSD | GPU: Intel Iris Xe Graphics | GPU Mem: Shared | Display: 15.6 | Color: Cool Silver,96500,laptop,Ryans
ASUS VivoBook 15 X1504VA ,2026,Processor: Core i7 | Gen: 13th (Intel) | RAM: 16GB | Storage: 512GB SSD | GPU: Intel Iris Xe Graphics | GPU Mem: Shared | Display: 15.6 | Color: Quiet Blue,96500,laptop,Ryans
Asus VivoBook 16 F1607CA Series 2,2026,Processor: Core Ultra 5 | Gen: Ultra | RAM: 16GB | Storage: 1TB SSD | GPU: Intel Arc 130T Graphics | GPU Mem: Shared | Display: 16 | Color: Cool Silver,112000,laptop,Ryans
Asus VivoBook 16 F1607CA Series 2,2026,Processor: Core Ultra 5 | Gen: Ultra | RAM: 16GB | Storage: 1TB SSD | GPU: Intel Arc 130V Graphics | GPU Mem: Shared | Display: 16 | Color: Quiet Blue,112000,laptop,Ryans
Asus VivoBook 16 F1607CA Series 2 ,2026,Processor: Core Ultra 5 | Gen: Ultra | RAM: 16GB | Storage: 512GB SSD | GPU: Intel Iris Xe Graphics | GPU Mem: Shared | Display: 16 | Color: Quiet Blue,108000,laptop,Ryans
Asus VivoBook 16 M1607GA,2026,Processor: Ryzen AI 7 | Gen: Ryzen | RAM: 16GB | Storage: 512GB SSD | GPU: AMD Radeon 840M Graphics | GPU Mem: Shared | Display: 16 | Color: Quiet Blue,129000,laptop,Ryans
Asus VivoBook 16 M1607GA ,2026,Processor: Ryzen AI 7 | Gen: Ryzen | RAM: 16GB | Storage: 512GB SSD | GPU: AMD Radeon 840M Graphics | GPU Mem: Shared | Display: 16 | Color: Cool Silver,129000,laptop,Ryans
Asus VivoBook 16X K3605VC ,2026,Processor: Core i5 | Gen: 13th (Intel) | RAM: 8GB | Storage: 512GB SSD | GPU: Nvidia RTX 3050 Graphics | GPU Mem: 4GB | Display: 16 | Color: Indie Black,103000,laptop,Ryans
ASUS VivoBook Go 14 L1404FA ,2026,Processor: Ryzen 5 | Gen: Ryzen | RAM: 16GB | Storage: 512GB SSD | GPU: AMD Radeon 610M Graphics | GPU Mem: Shared | Display: 14 | Color: Mixed Black,79000,laptop,Ryans
Asus VivoBook Go 14 L1404FA ,2026,Processor: Ryzen 5 | Gen: Ryzen | RAM: 16GB | Storage: 512GB SSD | GPU: AMD Radeon 610M Graphics | GPU Mem: Shared | Display: 14 | Color: Cool Silver,79000,laptop,Ryans
Asus Vivobook Go 15 E1504TA,2026,Processor: Core N150 | Gen: 12th Standard (Intel) | RAM: 8GB | Storage: 512GB SSD | GPU: Intel Graphics | GPU Mem: Shared | Display: 15.6 | Color: Mixed Black,60800,laptop,Ryans
Asus Vivobook Go 15 E1504TA ,2026,Processor: Core N150 | Gen: 12th Standard (Intel) | RAM: 8GB | Storage: 512GB SSD | GPU: Intel Graphics | GPU Mem: Shared | Display: 15.6 | Color: Cool Silver,60800,laptop,Ryans
ASUS VivoBook Go 15 L1504FA,2026,Processor: Ryzen 5 | Gen: Ryzen | RAM: 8GB | Storage: 512GB SSD | GPU: AMD Radeon 610M Graphics | GPU Mem: Shared | Display: 15.6 | Color: Mixed Black,59500,laptop,Ryans
ASUS VivoBook Go 15 L1504FA,2026,Processor: Ryzen 5 | Gen: Ryzen | RAM: 16GB | Storage: 512GB SSD | GPU: AMD Radeon 610M Graphics | GPU Mem: Shared | Display: 15.6 | Color: Mixed Black,79000,laptop,Ryans
ASUS VivoBook Go 15 L1504FA,2026,Processor: Ryzen 5 | Gen: Ryzen | RAM: 16GB | Storage: 512GB SSD | GPU: AMD Radeon 610M Graphics | GPU Mem: Shared | Display: 15.6 | Color: Cool Silver,79000,laptop,Ryans
ASUS VivoBook Go 15 L1504FA ,2026,Processor: Ryzen 5 | Gen: Ryzen | RAM: 8GB | Storage: 512GB SSD | GPU: AMD Radeon 610M Graphics | GPU Mem: Shared | Display: 15.6 | Color: Mixed Black,59500,laptop,Ryans
ASUS VivoBook Go 15 L1504FA ,2026,Processor: Ryzen 5 | Gen: Ryzen | RAM: 16GB | Storage: 512GB SSD | GPU: AMD Radeon 610M Graphics | GPU Mem: Shared | Display: 15.6 | Color: Green Gray,79000,laptop,Ryans
ASUS VivoBook Pro 15 K3500PA ,2026,Processor: Core i7 | Gen: 11th (Intel) | RAM: 8GB | Storage: 512GB SSD | GPU: Intel Iris Xe Graphics | GPU Mem: Shared | Display: 15.6 | Color: Quiet Blue,93000,laptop,Ryans
ASUS VivoBook S 16 OLED M5606KA,2026,Processor: Ryzen AI 5 | Gen: Ryzen | RAM: 16GB | Storage: 512GB SSD | GPU: AMD Radeon 840M Graphics | GPU Mem: Shared | Display: 16 | Color: Neutral Black,160000,laptop,Ryans
ASUS VivoBook S 16 OLED M5606KA ,2026,Processor: Ryzen AI 5 | Gen: Ryzen | RAM: 16GB | Storage: 512GB SSD | GPU: AMD Radeon 840M Graphics | GPU Mem: Shared | Display: 16 | Color: Cool Silver,160000,laptop,Ryans
ASUS VivoBook S14 M3407HA,2026,Processor: Ryzen 5 | Gen: Ryzen | RAM: 16GB | Storage: 1TB SSD | GPU: AMD Radeon 740M Graphics | GPU Mem: Shared | Display: 14 | Color: Cool Silver,109000,laptop,Ryans
ASUS VivoBook S14 M3407HA,2026,Processor: Ryzen 7 | Gen: Ryzen | RAM: 16GB | Storage: 1TB SSD | GPU: AMD Radeon 780M Graphics | GPU Mem: Shared | Display: 14 | Color: Cool Silver,124000,laptop,Ryans
ASUS VivoBook S14 S3407CA,2026,Processor: Core Ultra 7 | Gen: Ultra | RAM: 16GB | Storage: 1TB SSD | GPU: Intel Arc 140T Graphics | GPU Mem: Shared | Display: 14 | Color: Matte Gray,144500,laptop,Ryans
Asus VivoBook S14 S3407VA Series 2,2026,Processor: Core 5 | Gen: Core Series 2 | RAM: 16GB | Storage: 512GB SSD | GPU: Intel Graphics | GPU Mem: Shared | Display: 14 | Color: Matte Gray,119000,laptop,Ryans
Asus VivoBook S14 S3407VA Series 2,2026,Processor: Core 5 | Gen: Core Series 2 | RAM: 16GB | Storage: 1TB SSD | GPU: Intel Graphics | GPU Mem: Shared | Display: 14 | Color: Cool Silver,124000,laptop,Ryans
ASUS VivoBook S15 S513EA ,2026,Processor: Core i5 | Gen: 11th (Intel) | RAM: 16GB | Storage: 512GB SSD | GPU: Intel Iris Xe Graphics | GPU Mem: Shared | Display: 15.6 | Color: Hearty Gold,76500,laptop,Ryans
ASUS VivoBook S15 S5507QA ,2026,Processor: Snapdragon X Elite | Gen: Snapdragon X Series | RAM: 16GB | Storage: 512GB SSD | GPU: Qualcomm Adreno Graphics | GPU Mem: Shared | Display: 15.6 | Color: Cool Silver,170000,laptop,Ryans
ASUS X515EA,2026,Processor: Core i3 | Gen: 11th (Intel) | RAM: 4GB | Storage: 1TB HDD | GPU: Intel UHD Graphics | GPU Mem: Shared | Display: 15.6 | Color: Peacock Blue,51900,laptop,Ryans
Asus ZenBook 14 UM3406GA,2026,Processor: Ryzen AI 5 | Gen: Ryzen | RAM: 16GB | Storage: 512GB SSD | GPU: AMD Radeon 840M Graphics | GPU Mem: Shared | Display: 14 | Color: Jade Black,153000,laptop,Ryans
Asus ZenBook 14 UX3405CA Series 2,2026,Processor: Core Ultra 7 | Gen: Ultra | RAM: 16GB | Storage: 512GB SSD | GPU: Intel Arc 140T Graphics | GPU Mem: Shared | Display: 14 | Color: Ponder Blue,180000,laptop,Ryans
ASUS ZenBook Pro Duo 14 OLED UX8402ZE ,2026,Processor: Core i7 | Gen: 12th (Intel) | RAM: 16GB | Storage: 512GB SSD | GPU: Nvidia RTX 3050 Ti Graphics | GPU Mem: 4GB | Display: 14.5 | Color: Tech Black,250000,laptop,Ryans
ASUS ZenBook S 14 OLED UX5406SA Series 2 ,2026,Processor: Core Ultra 7 | Gen: Ultra | RAM: 16GB | Storage: 1TB SSD | GPU: Intel Arc Graphics | GPU Mem: Shared | Display: 14 | Color: Zumaia Gray,216000,laptop,Ryans
Asus Zenbook S 16 UM5606GA ,2026,Processor: Ryzen AI 7 | Gen: Ryzen | RAM: 32GB | Storage: 1TB SSD | GPU: AMD Radeon 840M Graphics | GPU Mem: Shared | Display: 16 | Color: ,256000,laptop,Ryans
CHUWI GemiBook Xpro,2026,Processor: Core N100 | Gen: 12th Standard (Intel) | RAM: 8GB | Storage: 256GB SSD | GPU: Intel UHD Graphics | GPU Mem: Shared | Display: 14 | Color: Gray,34900,laptop,Ryans
Dell 15 DC15250,2026,Processor: Core i7 | Gen: 13th (Intel) | RAM: 16GB | Storage: 512GB SSD | GPU: Intel Iris Xe Graphics | GPU Mem: Shared | Display: 15.6 | Color: Carbon Black,97500,laptop,Ryans
Dell 15 DC15250 ,2026,Processor: Core i5 | Gen: 13th (Intel) | RAM: 8GB | Storage: 512GB | GPU: Intel Iris Xe Graphics | GPU Mem: Shared | Display: 15.6 | Color: Carbon Black,74500,laptop,Ryans
Dell 15 DC15250 Series 1,2026,Processor: Core 3 | Gen: Core Series 1 | RAM: 8GB | Storage: 512GB SSD | GPU: Intel Graphics | GPU Mem: Shared | Display: 15.6 | Color: Carbon Black,59000,laptop,Ryans
Dell Inspiron 14 5440 Series 1,2026,Processor: Core 7 | Gen: Core Series 1 | RAM: 16GB | Storage: 512GB SSD | GPU: Intel Graphics | GPU Mem: Shared | Display: 14 | Color: Ice Blue,117500,laptop,Ryans
Dell Inspiron 15 3530,2026,Processor: Core i7 | Gen: 13th (Intel) | RAM: 16GB | Storage: 512GB SSD | GPU: Intel Iris Xe Graphics | GPU Mem: Shared | Display: 15.6 | Color: Carbon Black,96900,laptop,Ryans
Dell Latitude 14 3440 ,2026,Processor: Core i5 | Gen: 12th (Intel) | RAM: 8GB | Storage: 512GB SSD | GPU: Intel Iris Xe Graphics | GPU Mem: Shared | Display: 14 | Color: Black,85500,laptop,Ryans
Dell Latitude 14 3440 ,2026,Processor: Core i5 | Gen: 12th (Intel) | RAM: 8GB | Storage: 512GB SSD | GPU: Intel Iris Xe Graphics | GPU Mem: Shared | Display: 14 | Color: Black,86500,laptop,Ryans
Dell Latitude 14 5450 Series 1 ,2026,Processor: Core Ultra 5 | Gen: Ultra | RAM: 8GB | Storage: 512GB SSD | GPU: Intel Graphics | GPU Mem: Shared | Display: 14 | Color: Silver,129500,laptop,Ryans
Dell Pro 14 PC14250 Series 2 ,2026,Processor: Core Ultra 5 | Gen: Ultra | RAM: 8GB | Storage: 512GB SSD | GPU: Intel Graphics | GPU Mem: Shared | Display: 14 | Color: Magnetite,97500,laptop,Ryans
Gigabyte AERO X16 1TH ,2026,Processor: Ryzen AI 7 | Gen: Ryzen | RAM: 16GB | Storage: 1TB SSD | GPU: Nvidia RTX 5050 Graphics | GPU Mem: 8GB | Display: 16 | Color: Lunar White,185000,laptop,Ryans
Gigabyte AERO X16 1VH ,2026,Processor: Ryzen AI 7 | Gen: Ryzen | RAM: 16GB | Storage: 1TB SSD | GPU: Nvidia RTX 5060 Graphics | GPU Mem: 8GB | Display: 16 | Color: Space Gray,185000,laptop,Ryans
Gigabyte Gaming A16 CMH,2026,Processor: Core i7 | Gen: 13th (Intel) | RAM: 16GB | Storage: 1TB SSD | GPU: Nvidia RTX 4050 Graphics | GPU Mem: 6GB | Display: 16 | Color: Black Steel,144000,laptop,Ryans
Gigabyte Gaming A16 CMH,2026,Processor: Core i7 | Gen: 13th (Intel) | RAM: 16GB | Storage: 1TB SSD | GPU: Nvidia RTX 5070 Graphics | GPU Mem: 8GB | Display: 16 | Color: Black Steel,189000,laptop,Ryans
Gigabyte Gaming G6 MF ,2026,Processor: Core i7 | Gen: 13th (Intel) | RAM: 16GB | Storage: 512GB SSD | GPU: Nvidia RTX 4050 Graphics | GPU Mem: 6GB | Display: 16 | Color: Matte Black,132000,laptop,Ryans
Gigabyte Gaming G6 MF ,2026,Processor: Core i7 | Gen: 13th (Intel) | RAM: 16GB | Storage: 512GB SSD | GPU: Nvidia RTX 4050 Graphics | GPU Mem: 6GB | Display: 16 | Color: Matte Black,134000,laptop,Ryans
HP 14-ep0134TU ,2026,Processor: Core i7 | Gen: 13th (Intel) | RAM: 16GB | Storage: 512GB SSD | GPU: Intel Iris Xe Graphics | GPU Mem: Shared | Display: 14 | Color: Silver,98500,laptop,Ryans
HP 14-ep0408TU ,2026,Processor: Core i5 | Gen: 13th (Intel) | RAM: 16GB | Storage: 512GB SSD | GPU: Intel Iris Xe Graphics | GPU Mem: Shared | Display: 14 | Color: Silver,84900,laptop,Ryans
HP 14-ep0426TU ,2026,Processor: Core i5 | Gen: 13th (Intel) | RAM: 8GB | Storage: 512GB SSD | GPU: Intel Iris Xe Graphics | GPU Mem: Shared | Display: 14 | Color: Silver,80500,laptop,Ryans
HP 15-fc0355AU ,2026,Processor: AMD Athlon | Gen:  | RAM: 8GB | Storage: 512GB SSD | GPU: AMD Radeon 610M Graphics | GPU Mem: Shared | Display: 15.6 | Color: Natural Silver,50000,laptop,Ryans
HP 15-fc0621AU ,2026,Processor: AMD Athlon | Gen: Athlon Series | RAM: 8GB | Storage: 512GB SSD | GPU: AMD Radeon 610M Graphics | GPU Mem: Shared | Display: 15.6 | Color: Natural Silver,50000,laptop,Ryans
HP 15-fd0807TU ,2026,Processor: Core i3 | Gen: 13th (Intel) | RAM: 8GB | Storage: 512GB SSD | GPU: Intel UHD Graphics | GPU Mem: Shared | Display: 15.6 | Color: Moonlight Blue,65990,laptop,Ryans
HP 15-fd0808TU Core i3 1315U ,2026,Processor: Core i3 | Gen: 13th (Intel) | RAM: 8GB | Storage: 512GB SSD | GPU: Intel UHD Graphics | GPU Mem: Shared | Display: 15.6 | Color: Silver,65990,laptop,Ryans
HP 15-fd0811TU ,2026,Processor: Core i5 | Gen: 13th (Intel) | RAM: 8GB | Storage: 512GB SSD | GPU: Intel Iris Xe Graphics | GPU Mem: Shared | Display: 15.6 | Color: Moonlight Blue,79500,laptop,Ryans
HP 15-fd0812TU ,2026,Processor: Core i5 | Gen: 13th (Intel) | RAM: 8GB | Storage: 512GB SSD | GPU: Intel Iris Xe Graphics | GPU Mem: Shared | Display: 15.6 | Color: Silver,79500,laptop,Ryans
HP 15-fd0841TU ,2026,Processor: Core i3 | Gen: 13th (Intel) | RAM: 8GB | Storage: 512GB SSD | GPU: Intel UHD Graphics | GPU Mem: Shared | Display: 15.6 | Color: Silver,64990,laptop,Ryans
HP 15-fr0077TU,2026,Processor: Core i5 | Gen: 13th (Intel) | RAM: 16GB | Storage: 512GB SSD | GPU: Intel UHD Graphics | GPU Mem: Shared | Display: 15.6 | Color: Silver,88800,laptop,Ryans
Hp EliteBook 640 G11 Series 1,2026,Processor: Core Ultra 5 | Gen: Ultra | RAM: 8GB | Storage: 512GB SSD | GPU: Intel Graphics | GPU Mem: Shared | Display: 14 | Color: Pike Silver,106000,laptop,Ryans
HP Elitebook 840 G11 Series 1,2026,Processor: Core Ultra 5 | Gen: Ultra | RAM: 16GB | Storage: 512GB SSD | GPU: Intel Graphics | GPU Mem: Shared | Display: 14 | Color: Silver,145000,laptop,Ryans
HP Elitebook 840 G11 Series 1,2026,Processor: Core Ultra 7 | Gen: Ultra | RAM: 16GB | Storage: 512GB SSD | GPU: Intel Graphics | GPU Mem: Shared | Display: 14 | Color: Silver,175000,laptop,Ryans
HP OMEN Gaming 16-am0333TX,2026,Processor: Core i9 | Gen: 14th (Intel) | RAM: 32GB | Storage: 1TB SSD | GPU: Nvidia RTX 5070 Graphics | GPU Mem: 8GB | Display: 16 | Color: Shadow Black,336000,laptop,Ryans
HP OmniBook 5 Flip x360 2-in-1 14-fp0134TU ,2026,Processor: Core 7 | Gen: Core Series 1 | RAM: 24GB | Storage: 1TB SSD | GPU: Intel Graphics | GPU Mem: Shared | Display: 14 | Color: Sky Blue,154000,laptop,Ryans
HP OmniBook 5 Flip x360 2-in-1 14-fp0136TU ,2026,Processor: Core i5 | Gen: 13th (Intel) | RAM: 16GB | Storage: 1TB SSD | GPU: Intel Iris Xe Graphics | GPU Mem: Shared | Display: 14 | Color: Sky Blue,107900,laptop,Ryans
HP OmniBook Ultra Flip x360 14-fh0104TU AI ,2026,Processor: Core Ultra 7 | Gen: Ultra | RAM: 16GB | Storage: 1TB SSD | GPU: Intel Arc 140V Graphics | GPU Mem: Shared | Display: 14 | Color: Eclipse Gray,229000,laptop,Ryans
HP ProBook 440 G11 Series 1,2026,Processor: Core Ultra 5 | Gen: Ultra | RAM: 8GB | Storage: 512GB SSD | GPU: Intel Graphics | GPU Mem: Shared | Display: 14 | Color: Silver,96500,laptop,Ryans
HP ProBook 440 G11 Series 1,2026,Processor: Core Ultra 7 | Gen: Ultra | RAM: 8GB | Storage: 512GB SSD | GPU: Intel Graphics | GPU Mem: Shared | Display: 14 | Color: Pike Silver,135000,laptop,Ryans
HP ProBook 460 G11 Series 1,2026,Processor: Core Ultra 7 | Gen: Ultra | RAM: 8GB | Storage: 512GB SSD | GPU: Intel Arc Graphics | GPU Mem: Shared | Display: 16 | Color: Silver,129500,laptop,Ryans
HP ProBook 460 G11 Series 1 ,2026,Processor: Core Ultra 5 | Gen: Ultra | RAM: 8GB | Storage: 512GB SSD | GPU: Intel Arc Graphics | GPU Mem: Shared | Display: 16 | Color: Silver,116000,laptop,Ryans
HP Victus Gaming 15-fa1393TX ,2026,Processor: Core i5 | Gen: 13th (Intel) | RAM: 8GB | Storage: 512GB SSD | GPU: Nvidia RTX 2050 Graphics | GPU Mem: 4GB | Display: 15.6 | Color: Mica Silver,110900,laptop,Ryans
HP Victus Gaming 15-fa2276TX,2026,Processor: Core i5 | Gen: 13th (Intel) | RAM: 8GB | Storage: 512GB SSD | GPU: Nvidia RTX 3050 Graphics | GPU Mem: 6GB | Display: 15.6 | Color: Mica Silver,128000,laptop,Ryans
HP Victus Gaming 15-fb1054AX ,2026,Processor: Ryzen 5 | Gen: Ryzen | RAM: 8GB | Storage: 512GB SSD | GPU: Nvidia RTX 2050 Graphics | GPU Mem: 4GB | Display: 15.6 | Color: Performance Blue,95500,laptop,Ryans
HP Victus Gaming 15-fb3166AX ,2026,Processor: Ryzen 5 | Gen: Ryzen | RAM: 8GB | Storage: 512GB SSD | GPU: Nvidia RTX 2050 Graphics | GPU Mem: 4GB | Display: 15.6 | Color: Performance Blue,106500,laptop,Ryans
HP Victus Gaming 15-fb3167AX ,2026,Processor: Ryzen 5 | Gen: Ryzen | RAM: 8GB | Storage: 512GB SSD | GPU: Nvidia RTX 2050 Graphics | GPU Mem: 4GB | Display: 15.6 | Color: Mica Silver,106500,laptop,Ryans
HP Victus Gaming 15-fb3180AX,2026,Processor: Ryzen 7 | Gen: Ryzen | RAM: 8GB | Storage: 1TB SSD | GPU: Nvidia RTX 3050 Graphics | GPU Mem: 4GB | Display: 15.6 | Color: Performance Blue,132500,laptop,Ryans
Lenovo IdeaPad 1 14IJL7 ,2026,Processor: Intel Celeron | Gen: Celeron Series | RAM: 8GB | Storage: 512GB SSD | GPU: Intel UHD Graphics | GPU Mem: Shared | Display: 14 | Color: Cloud Gray,38800,laptop,Ryans
Lenovo IdeaPad 1 15AMN7 ,2026,Processor: AMD Athlon | Gen: Athlon Series | RAM: 8GB | Storage: 256GB SSD | GPU: AMD Radeon 610M Graphics | GPU Mem: Shared | Display: 15.6 | Color: Cloud Gray,41500,laptop,Ryans
Lenovo IdeaPad 5 2 in 1 14AKP10 ,2026,Processor: Ryzen AI 5 | Gen: Ryzen | RAM: 16GB | Storage: 512GB SSD | GPU: AMD Radeon 840M Graphics | GPU Mem: Shared | Display: 14 | Color: Luna Gray,115000,laptop,Ryans
Lenovo IdeaPad 5 2 in 1 14AKP10 ,2026,Processor: Ryzen AI 7 | Gen: Ryzen | RAM: 24GB | Storage: 512GB SSD | GPU: AMD Radeon 860M Graphics | GPU Mem: Shared | Display: 14 | Color: Luna Gray,155000,laptop,Ryans
Lenovo IdeaPad 5 2 in 1 14IAL10 Series 2,2026,Processor: Core Ultra 5 | Gen: Ultra | RAM: 16GB | Storage: 512GB SSD | GPU: Intel Arc Graphics | GPU Mem: Shared | Display: 14 | Color: Luna Gray,137000,laptop,Ryans
Lenovo IdeaPad 5 2 in 1 14IAL10 Series 2,2026,Processor: Core Ultra 7 | Gen: Ultra | RAM: 16GB | Storage: 1TB SSD | GPU: Intel Arc 140T Graphics | GPU Mem: Shared | Display: 14 | Color: Luna Gray,157000,laptop,Ryans
Lenovo IdeaPad 5 2 in 1 14IAL10 Series 2 ,2026,Processor: Core Ultra 7 | Gen: Ultra | RAM: 16GB | Storage: 512GB SSD | GPU: Intel Arc 140T Graphics | GPU Mem: Shared | Display: 14 | Color: Luna Gray,151500,laptop,Ryans
Lenovo IdeaPad 5 2 in 1 14Q8X9 ,2026,Processor: Snapdragon X Plus | Gen: Snapdragon X Series | RAM: 16GB | Storage: 1TB SSD | GPU: Qualcomm Adreno Graphics | GPU Mem: Shared | Display: 14 | Color: Luna Gray,137500,laptop,Ryans
Lenovo IdeaPad Slim 1 14IGL7 ,2026,Processor: Intel Celeron | Gen: Celeron Series | RAM: 8GB | Storage: 512GB SSD | GPU: Intel UHD Graphics 600 | GPU Mem: Shared | Display: 14 | Color: Cloud Gray,38300,laptop,Ryans
Lenovo IdeaPad Slim 1 15IGL7 ,2026,Processor: Intel Celeron | Gen: Celeron Series | RAM: 8GB | Storage: 256GB SSD | GPU: Intel UHD Graphics 600 | GPU Mem: Shared | Display: 15.6 | Color: Cloud Gray,36300,laptop,Ryans
Lenovo IdeaPad Slim 3 14AHP10,2026,Processor: Ryzen 5 | Gen: Ryzen | RAM: 24GB | Storage: 512GB SSD | GPU: AMD Radeon 760M Graphics | GPU Mem: Shared | Display: 14 | Color: Luna Gray,93000,laptop,Ryans
Lenovo IdeaPad Slim 3 14ARP10,2026,Processor: Ryzen 5 | Gen: Ryzen | RAM: 8GB | Storage: 512GB SSD | GPU: AMD Radeon 660M Graphics | GPU Mem: Shared | Display: 14 | Color: Cosmic Blue,72000,laptop,Ryans
Lenovo IdeaPad Slim 3 14ARP10 ,2026,Processor: Ryzen 5 | Gen: Ryzen | RAM: 8GB | Storage: 512GB SSD | GPU: AMD Radeon 660M Graphics | GPU Mem: Shared | Display: 14 | Color: Cosmic Blue,71000,laptop,Ryans
Lenovo IdeaPad Slim 3 14ARP10 ,2026,Processor: Ryzen 5 | Gen: Ryzen | RAM: 8GB | Storage: 512GB SSD | GPU: AMD Radeon 660M Graphics | GPU Mem: Shared | Display: 14 | Color: Lunar Gray,71000,laptop,Ryans
Lenovo IdeaPad Slim 3 14ARP10 ,2026,Processor: Ryzen 5 | Gen: Ryzen | RAM: 8GB | Storage: 512GB SSD | GPU: AMD Radeon 660M Graphics | GPU Mem: Shared | Display: 14 | Color: Luna Gray,72000,laptop,Ryans
Lenovo IdeaPad Slim 3 14IRH10,2026,Processor: Core i5 | Gen: 13th (Intel) | RAM: 16GB | Storage: 512GB SSD | GPU: Intel UHD Graphics | GPU Mem: Shared | Display: 14 | Color: Luna Gray,85500,laptop,Ryans
Lenovo IdeaPad Slim 3 14IRH10,2026,Processor: Core i5 | Gen: 13th (Intel) | RAM: 16GB | Storage: 1TB SSD | GPU: Intel UHD Graphics | GPU Mem: Shared | Display: 14 | Color: Luna Gray,91000,laptop,Ryans
Lenovo IdeaPad Slim 3 14IRH10,2026,Processor: Core i7 | Gen: 13th (Intel) | RAM: 16GB | Storage: 512GB SSD | GPU: Intel UHD Graphics | GPU Mem: Shared | Display: 14 | Color: Luna Gray,95500,laptop,Ryans
Lenovo IdeaPad Slim 3 14IRH10 ,2026,Processor: Core i5 | Gen: 13th (Intel) | RAM: 16GB | Storage: 512GB SSD | GPU: Intel UHD Graphics | GPU Mem: Shared | Display: 14 | Color: Luna Gray,83500,laptop,Ryans
Lenovo IdeaPad Slim 3 14IRH10R,2026,Processor: Core 5 | Gen: Core Series 2 | RAM: 16GB | Storage: 512GB SSD | GPU: Intel Graphics | GPU Mem: Shared | Display: 14 | Color: Luna Gray,84500,laptop,Ryans
Lenovo IdeaPad Slim 3 14IRH10R Series 2,2026,Processor: Core 5 | Gen: Core Series 2 | RAM: 16GB | Storage: 512GB SSD | GPU: Intel Graphics | GPU Mem: Shared | Display: 14 | Color: Luna Gray,92500,laptop,Ryans
Lenovo IdeaPad Slim 3 15AHP10 ,2026,Processor: Ryzen 5 | Gen: Ryzen | RAM: 24GB | Storage: 512GB SSD | GPU: AMD Radeon 760M Graphics | GPU Mem: Shared | Display: 15.3 | Color: Luna Gray,93000,laptop,Ryans
Lenovo IdeaPad Slim 3 15AMN8 ,2026,Processor: Ryzen 3 | Gen: Ryzen | RAM: 8GB | Storage: 256GB SSD | GPU: AMD Radeon 610M Graphics | GPU Mem: Shared | Display: 15.6 | Color: Abyss Blue,54000,laptop,Ryans
Lenovo IdeaPad Slim 3 15ARP10,2026,Processor: Ryzen 5 | Gen: Ryzen | RAM: 8GB | Storage: 512GB SSD | GPU: AMD Radeon 660M Graphics | GPU Mem: Shared | Display: 15.3 | Color: Cosmic Blue,71000,laptop,Ryans
Lenovo IdeaPad Slim 3 15ARP10 ,2026,Processor: Ryzen 5 | Gen: Ryzen | RAM: 8GB | Storage: 512GB SSD | GPU: AMD Radeon 660M Graphics | GPU Mem: Shared | Display: 15.3 | Color: Luna Gray,71000,laptop,Ryans
Lenovo IdeaPad Slim 3 15ARP10 ,2026,Processor: Ryzen 5 | Gen: Ryzen | RAM: 8GB | Storage: 512GB SSD | GPU: AMD Radeon 660M Graphics | GPU Mem: Shared | Display: 15.3 | Color: Luna Gray,73000,laptop,Ryans
Lenovo IdeaPad Slim 3 15ARP10 ,2026,Processor: Ryzen 5 | Gen: Ryzen | RAM: 8GB | Storage: 512GB SSD | GPU: AMD Radeon 660M Graphics | GPU Mem: Shared | Display: 15.3 | Color: Cosmic Blue,73000,laptop,Ryans
Lenovo IdeaPad Slim 3 15ARP10 ,2026,Processor: Ryzen 5 | Gen: Ryzen | RAM: 16GB | Storage: 512GB SSD | GPU: AMD Radeon 660M Graphics | GPU Mem: Shared | Display: 15.3 | Color: Luna Gray,80000,laptop,Ryans
Lenovo IdeaPad Slim 3 15ARP10 ,2026,Processor: Ryzen 5 | Gen: Ryzen | RAM: 16GB | Storage: 512GB SSD | GPU: AMD Radeon 660M Graphics | GPU Mem: Shared | Display: 15.3 | Color: Cosmic Blue,80000,laptop,Ryans
Lenovo IdeaPad Slim 3 15ARP10 ,2026,Processor: Ryzen 7 | Gen: Ryzen | RAM: 16GB | Storage: 512GB SSD | GPU: AMD Radeon 680M Graphics | GPU Mem: Shared | Display: 15.3 | Color: Luna Gray,89500,laptop,Ryans
Lenovo IdeaPad Slim 3 15IAN8 ,2026,Processor: Core i3 | Gen: 13th Standard (Intel) | RAM: 8GB | Storage: 512GB SSD | GPU: Intel UHD Graphics | GPU Mem: Shared | Display: 15.6 | Color: Arctic Gray,55500,laptop,Ryans
Lenovo IdeaPad Slim 3 15IRH10,2026,Processor: Core i5 | Gen: 13th (Intel) | RAM: 24GB | Storage: 512GB SSD | GPU: Intel UHD Graphics | GPU Mem: Shared | Display: 15.3 | Color: Luna Gray,85000,laptop,Ryans
Lenovo IdeaPad Slim 3 15IRH10 ,2026,Processor: Core i5 | Gen: 13th (Intel) | RAM: 16GB | Storage: 512GB SSD | GPU: Intel UHD Graphics | GPU Mem: Shared | Display: 15.3 | Color: Luna Gray,83500,laptop,Ryans
Lenovo IdeaPad Slim 3 15IRH10 ,2026,Processor: Core i5 | Gen: 13th (Intel) | RAM: 16GB | Storage: 1TB SSD | GPU: Intel UHD Graphics | GPU Mem: Shared | Display: 15.3 | Color: Luna Gray,91000,laptop,Ryans
Lenovo IdeaPad Slim 3 15IRH10 ,2026,Processor: Core i7 | Gen: 13th (Intel) | RAM: 16GB | Storage: 512GB SSD | GPU: Intel UHD Graphics | GPU Mem: Shared | Display: 15.3 | Color: Luna Gray,95500,laptop,Ryans
Lenovo IdeaPad Slim 3 15IRH10R ,2026,Processor: Core 5 | Gen: Core Series 2 | RAM: 24GB | Storage: 512GB SSD | GPU: Intel Graphics | GPU Mem: Shared | Display: 15.3 | Color: Luna Gray,96000,laptop,Ryans
Lenovo IdeaPad Slim 3 15IRH10R Series 2 ,2026,Processor: Core 5 | Gen: Core Series 2 | RAM: 16GB | Storage: 512GB SSD | GPU: Intel Graphics | GPU Mem: Shared | Display: 15.3 | Color: Luna Gray,84500,laptop,Ryans
Lenovo IdeaPad Slim 3 15IRH10R Series 2 ,2026,Processor: Core 7 | Gen: Core Series 2 | RAM: 24GB | Storage: 512GB SSD | GPU: Intel Graphics | GPU Mem: Shared | Display: 15.3 | Color: Luna Gray,107000,laptop,Ryans
Lenovo IdeaPad Slim 3 15IRH8 ,2026,Processor: Core i5 | Gen: 13th (Intel) | RAM: 8GB | Storage: 512GB SSD | GPU: Intel UHD Graphics | GPU Mem: Shared | Display: 15.6 | Color: Arctic Gray,74100,laptop,Ryans
Lenovo IdeaPad Slim 3 15ITL6 ,2026,Processor: Core i7 | Gen: 11th (Intel) | RAM: 8GB | Storage: 512GB SSD | GPU: Intel Iris Xe Graphics | GPU Mem: Shared | Display: 15.6 | Color: Abyss Blue,73500,laptop,Ryans
Lenovo IdeaPad Slim 3 15ITL6 ,2026,Processor: Core i7 | Gen: 11th (Intel) | RAM: 8GB | Storage: 512GB SSD | GPU: Intel Iris Xe Graphics | GPU Mem: Shared | Display: 15.6 | Color: Arctic Gray,73500,laptop,Ryans
Lenovo IdeaPad Slim 5 13ARP10,2026,Processor: Ryzen 7 | Gen: Ryzen | RAM: 16GB | Storage: 512GB SSD | GPU: AMD Radeon 680M Graphics | GPU Mem: Shared | Display: 13.3 | Color: Cloud Gray,98000,laptop,Ryans
Lenovo IdeaPad Slim 5 13ARP10,2026,Processor: Ryzen 7 | Gen: Ryzen | RAM: 16GB | Storage: 512GB SSD | GPU: AMD Radeon 680M Graphics | GPU Mem: Shared | Display: 13.3 | Color: Cloud Gray,110000,laptop,Ryans
Lenovo IdeaPad Slim 5 14AKP10,2026,Processor: Ryzen AI 5 | Gen: Ryzen | RAM: 16GB | Storage: 512GB SSD | GPU: AMD Radeon 820M Graphics | GPU Mem: Shared | Display: 14 | Color: Luna Gray,98000,laptop,Ryans
Lenovo IdeaPad Slim 5 14IRH10,2026,Processor: Core i5 | Gen: 13th (Intel) | RAM: 16GB | Storage: 1TB SSD | GPU: Intel UHD Graphics | GPU Mem: Shared | Display: 14 | Color: Luna Gray,111000,laptop,Ryans
Lenovo IdeaPad Slim 5 14IRH10,2026,Processor: Core i7 | Gen: 13th (Intel) | RAM: 16GB | Storage: 1TB SSD | GPU: Intel UHD Graphics | GPU Mem: Shared | Display: 14 | Color: Luna Gray,121000,laptop,Ryans
Lenovo IdeaPad Slim 5 14IRH10 ,2026,Processor: Core i5 | Gen: 13th (Intel) | RAM: 16GB | Storage: 512GB SSD | GPU: Intel UHD Graphics | GPU Mem: Shared | Display: 14 | Color: Luna Gray,101000,laptop,Ryans
Lenovo IdeaPad Slim 5 14IRH10R,2026,Processor: Core 5 | Gen: Core Series 2 | RAM: 32GB | Storage: 1TB SSD | GPU: Intel Graphics | GPU Mem: Shared | Display: 14 | Color: Luna Gray,123000,laptop,Ryans
Lenovo IdeaPad Slim 5 14IRH10R Series 2,2026,Processor: Core 7 | Gen: Core Series 2 | RAM: 16GB | Storage: 1TB SSD | GPU: Intel Graphics | GPU Mem: Shared | Display: 14 | Color: Luna Gray,120000,laptop,Ryans
Lenovo IdeaPad Slim 5 14Q8X9 ,2026,Processor: Snapdragon X Plus | Gen: Snapdragon X Series | RAM: 16GB | Storage: 512GB SSD | GPU: Qualcomm Adreno Graphics | GPU Mem: Shared | Display: 14 | Color: Cloud Gray,117500,laptop,Ryans
Lenovo IdeaPad Slim 5 15ARP10 ,2026,Processor: Ryzen 7 | Gen: Ryzen | RAM: 32GB | Storage: 1TB SSD | GPU: AMD Radeon 680M Graphics | GPU Mem: Shared | Display: 15.1 | Color: Cloud Gray,173000,laptop,Ryans
Lenovo IdeaPad Slim 5 16AHP10 ,2026,Processor: Ryzen 7 | Gen: Ryzen | RAM: 32GB | Storage: 1TB SSD | GPU: AMD Radeon 780M Graphics | GPU Mem: Shared | Display: 16 | Color: Luna Gray,162000,laptop,Ryans
Lenovo Legion 5 15AKP10 ,2026,Processor: Ryzen AI 7 | Gen: Ryzen | RAM: 32GB | Storage: 512GB SSD | GPU: Nvidia RTX 5060 Graphics | GPU Mem: 8GB | Display: 15.1 | Color: Eclipse Black,240000,laptop,Ryans
Lenovo Legion 5 15AKP10 AMD,2026,Processor: Ryzen AI 7 | Gen: Ryzen | RAM: 32GB | Storage: 512GB SSD | GPU: NVIDIA Geforce RTX 5070 Graphics | GPU Mem: 8GB | Display: 15.1 | Color: Eclipse Black,270000,laptop,Ryans
Lenovo Legion 5 Gaming 15IRX10,2026,Processor: Core i7 | Gen: 14th (Intel) | RAM: 24GB | Storage: 512GB SSD | GPU: Nvidia RTX 5050 Graphics | GPU Mem: 8GB | Display: 15.1 | Color: Eclipse Black,197500,laptop,Ryans
Lenovo Legion 5 Gaming 15IRX10,2026,Processor: Core i7 | Gen: 14th (Intel) | RAM: 24GB | Storage: 512GB SSD | GPU: Nvidia RTX 5070 Graphics | GPU Mem: 8GB | Display: 15.1 | Color: Eclipse Black,243500,laptop,Ryans
Lenovo Legion 5 Gaming 15IRX10,2026,Processor: Core i9 | Gen: 14th (Intel) | RAM: 24GB | Storage: 512GB SSD | GPU: Nvidia RTX 5070 Graphics | GPU Mem: 8GB | Display: 15.1 | Color: Eclipse Black,272500,laptop,Ryans
Lenovo Legion 5 Gaming 15IRX10 ,2026,Processor: Core i7 | Gen: 14th (Intel) | RAM: 24GB | Storage: 512GB SSD | GPU: Nvidia RTX 5050 Graphics | GPU Mem: 8GB | Display: 15.1 | Color: Eclipse Black,200500,laptop,Ryans
Lenovo Legion Pro 5 16ADR10,2026,Processor: Ryzen 7 | Gen: Ryzen | RAM: 32GB | Storage: 1TB SSD | GPU: NVIDIA GeForce RTX 5060 Graphics | GPU Mem: 8GB | Display: 16 | Color: Eclipse Black,235000,laptop,Ryans
Lenovo Legion Pro 5 16ADR10 ,2026,Processor: Ryzen 7 | Gen: Ryzen | RAM: 24GB | Storage: 1TB SSD | GPU: NVIDIA GeForce RTX 5060 Graphics | GPU Mem: 8GB | Display: 16 | Color: Eclipse Black,240000,laptop,Ryans
Lenovo LOQ 15AHP10 ,2026,Processor: Ryzen 7 | Gen: Ryzen | RAM: 16GB | Storage: 512GB SSD | GPU: Nvidia RTX 5050 Graphics | GPU Mem: 8GB | Display: 16 | Color: Luna Gray,165000,laptop,Ryans
Lenovo LOQ 15AHP10 ,2026,Processor: Ryzen 5 | Gen: Ryzen | RAM: 16GB | Storage: 1TB SSD | GPU: Nvidia RTX 5050 Graphics | GPU Mem: 8GB | Display: 15.6 | Color: Luna Gray,168000,laptop,Ryans
Lenovo LOQ 15AHP10 ,2026,Processor: Ryzen 7 | Gen: Ryzen | RAM: 16GB | Storage: 1TB SSD | GPU: Nvidia RTX 5050 Graphics | GPU Mem: 8GB | Display: 15.6 | Color: Luna Gray,172000,laptop,Ryans
Lenovo LOQ 15AHP9 ,2026,Processor: Ryzen 5 | Gen: Ryzen | RAM: 16GB | Storage: 512GB SSD | GPU: Nvidia RTX 3050 Graphics | GPU Mem: 6GB | Display: 15.6 | Color: Luna Gray,138000,laptop,Ryans
Lenovo LOQ 15AHP9 ,2026,Processor: Ryzen 5 | Gen: Ryzen | RAM: 16GB | Storage: 512GB SSD | GPU: Nvidia RTX 4050 Graphics | GPU Mem: 6GB | Display: 15.6 | Color: Luna Gray,142000,laptop,Ryans
Lenovo LOQ Gaming 15IAX9 ,2026,Processor: Core i5 | Gen: 12th (Intel) | RAM: 16GB | Storage: 512GB SSD | GPU: Nvidia RTX 2050 Graphics | GPU Mem: 4GB | Display: 15.6 | Color: Luna Gray,107000,laptop,Ryans
Lenovo LOQ Gaming 15IAX9E,2026,Processor: Core i5 | Gen: 12th (Intel) | RAM: 16GB | Storage: 512GB SSD | GPU: Nvidia RTX 3050 Graphics | GPU Mem: 6GB | Display: 15.6 | Color: Luna Gray,121500,laptop,Ryans
Lenovo LOQ Gaming 15IAX9E ,2026,Processor: Core i5 | Gen: 12th (Intel) | RAM: 12GB | Storage: 512GB SSD | GPU: Nvidia RTX 2050 Graphics | GPU Mem: 4GB | Display: 15.6 | Color: Luna Gray,96000,laptop,Ryans
Lenovo LOQ Gaming 15IRX9 ,2026,Processor: Core i5 | Gen: 13th (Intel) | RAM: 24GB | Storage: 512GB SSD | GPU: Nvidia RTX 3050 Graphics | GPU Mem: 6GB | Display: 15.6 | Color: Luna Gray,135500,laptop,Ryans
Lenovo LOQ Gaming 15IRX9 ,2026,Processor: Core i7 | Gen: 13th (Intel) | RAM: 24GB | Storage: 512GB SSD | GPU: Nvidia RTX 3050 Graphics | GPU Mem: 6GB | Display: 15.6 | Color: Luna Gray,145000,laptop,Ryans
Lenovo ThinkPad E14 ,2026,Processor: Core Ultra 5 | Gen: Ultra | RAM: 8GB | Storage: 512GB SSD | GPU: Intel Arc Graphics | GPU Mem: Shared | Display: 14 | Color: Graphite Black,98000,laptop,Ryans
Lenovo ThinkPad E14 ,2026,Processor: Core Ultra 5 | Gen: Ultra | RAM: 8GB | Storage: 512GB SSD | GPU: Intel Graphics | GPU Mem: Shared | Display: 14 | Color: Black,98000,laptop,Ryans
Lenovo ThinkPad E14 Gen 7 Series 2,2026,Processor: Core Ultra 5 | Gen: Ultra | RAM: 8GB | Storage: 512GB SSD | GPU: Intel Graphics | GPU Mem: Shared | Display: 14 | Color: Black,110000,laptop,Ryans
Lenovo Yoga 7 2 in 1 14ILL10 Series 2 ,2026,Processor: Core Ultra 5 | Gen: Ultra | RAM: 32GB | Storage: 1TB SSD | GPU: Intel Arc 130V Graphics | GPU Mem: Shared | Display: 14 | Color: Seashell,178000,laptop,Ryans
Lenovo Yoga 7 2 in 1 14IML9 ,2026,Processor: Core Ultra 5 | Gen: Ultra | RAM: 16GB | Storage: 1TB SSD | GPU: Intel Arc Graphics | GPU Mem: Shared | Display: 14 | Color: Storm Grey,159000,laptop,Ryans
Lenovo Yoga 7 2 in 1 14IML9 I,2026,Processor: Core Ultra 7 | Gen: Ultra | RAM: 16GB | Storage: 1TB SSD | GPU: Intel Arc graphics | GPU Mem: Shared | Display: 14 | Color: Storm Grey,165000,laptop,Ryans
Lenovo Yoga 7 2 in 1 14IML9 Series 1 ,2026,Processor: Core Ultra 5 | Gen: Ultra | RAM: 16GB | Storage: 512GB SSD | GPU: Intel Arc Graphics | GPU Mem: Shared | Display: 14 | Color: Storm Grey,142500,laptop,Ryans
Lenovo Yoga Slim 7 14ILL10 Series 2,2026,Processor: Core Ultra 7 | Gen: Ultra | RAM: 16GB | Storage: 512GB SSD | GPU: Intel Arc 140V Graphics | GPU Mem: Shared | Display: 14 | Color: Luna Gray,164000,laptop,Ryans
Lenovo Yoga Slim 7 14ILL10 Series 2,2026,Processor: Core Ultra 7 | Gen: Ultra | RAM: 32GB | Storage: 1TB SSD | GPU: Intel Arc 140V Graphics | GPU Mem: Shared | Display: 14 | Color: Luna Gray,189000,laptop,Ryans
Lenovo Yoga Slim 7 14ILL10 Series 2 ,2026,Processor: Core Ultra 5 | Gen: Ultra | RAM: 32GB | Storage: 1TB SSD | GPU: Intel Arc 130V Graphics | GPU Mem: Shared | Display: 14 | Color: Luna Gray,173000,laptop,Ryans
Lenovo Yoga Slim 7 14IMH9,2026,Processor: Core Ultra 5 | Gen: Ultra | RAM: 16GB | Storage: 512GB SSD | GPU: Intel Arc Graphics | GPU Mem: Shared | Display: 14 | Color: Luna Gray,142500,laptop,Ryans
Lenovo Yoga Slim 7 14IMH9 Series 1,2026,Processor: Core Ultra 5 | Gen: Ultra | RAM: 16GB | Storage: 512GB SSD | GPU: Intel Arc graphics | GPU Mem: Shared | Display: 14 | Color: Luna Gray,159000,laptop,Ryans
Lenovo Yoga Slim 7 14IMH9 Series 1,2026,Processor: Core Ultra 9 | Gen: Ultra | RAM: 32GB | Storage: 1TB SSD | GPU: Intel Arc Graphics | GPU Mem: Shared | Display: 14 | Color: Luna Gray,197000,laptop,Ryans
Lenovo Yoga Slim 7 14Q8X9,2026,Processor: Snapdragon X Elite | Gen: Snapdragon X Series | RAM: 16GB | Storage: 512GB SSD | GPU: Qualcomm Adreno Graphics | GPU Mem: Shared | Display: 14.5 | Color: Cosmic Blue,208000,laptop,Ryans
Lenovo Yoga Slim 9 14ILL10 Series 2,2026,Processor: Core Ultra 7 | Gen: Ultra | RAM: 32GB | Storage: 1TB SSD | GPU: Intel Arc 140V Graphics | GPU Mem: Shared | Display: 14 | Color: Tidal Teal,277000,laptop,Ryans
Microsoft Surface Laptop 1st Edition Copilot+pc,2026,Processor: Snapdragon X Plus | Gen: Snapdragon X Series | RAM: 16GB | Storage: 512GB SSD | GPU: Qualcomm Adreno Graphics | GPU Mem: Shared | Display: 13 | Color: Platinum,184000,laptop,Ryans
Microsoft Surface Laptop 5,2026,Processor: Core i5 | Gen: 12th (Intel) | RAM: 8GB | Storage: 256GB SSD | GPU: Intel Iris Xe Graphics | GPU Mem: Shared | Display: 13.5 | Color: Platinum,130000,laptop,Ryans
Microsoft Surface Laptop 7 ,2026,Processor: Snapdragon X Plus | Gen: Snapdragon X Series | RAM: 16GB | Storage: 512GB SSD | GPU: Qualcomm Adreno Graphics | GPU Mem: Shared | Display: 13.8 | Color: Black,184000,laptop,Ryans
Microsoft Surface Laptop 7 ,2026,Processor: Core Ultra 5 | Gen: Ultra | RAM: 16GB | Storage: 256GB SSD | GPU: Intel Arc 130V Graphics | GPU Mem: Shared | Display: 13.8 | Color: Black,179000,laptop,Ryans
Microsoft Surface Laptop 7 Copilot+ PC ,2026,Processor: Snapdragon X Plus | Gen: Snapdragon X Series | RAM: 16GB | Storage: 512GB SSD | GPU: Qualcomm Adreno Graphics | GPU Mem: Shared | Display: 13.8 | Color: Platinum,184000,laptop,Ryans
Microsoft Surface Laptop 7 Copilot+ PC ,2026,Processor: Snapdragon X Elite | Gen: Snapdragon X Series | RAM: 16GB | Storage: 512GB SSD | GPU: Qualcomm Adreno Graphics | GPU Mem: Shared | Display: 13.8 | Color: Platinum,199000,laptop,Ryans
MSI Cyborg 15 A13UC,2026,Processor: Core i5 | Gen: 13th (Intel) | RAM: 8GB | Storage: 512GB SSD | GPU: Nvidia RTX 3050 Graphics | GPU Mem: 4GB | Display: 15.6 | Color: Translucent Black,98900,laptop,Ryans
MSI Cyborg 15 A13VE,2026,Processor: Core i5 | Gen: 13th (Intel) | RAM: 8GB | Storage: 512GB SSD | GPU: Nvidia RTX 4050 Graphics | GPU Mem: 6GB | Display: 15.6 | Color: Translucent Black,115900,laptop,Ryans
MSI Cyborg 15 B2RWEKG Series 2,2026,Processor: Core 5 | Gen: Core Series 2 | RAM: 16GB | Storage: 512GB SSD | GPU: Nvidia RTX 5050 Graphics | GPU Mem: 8GB | Display: 15.6 | Color: Translucent Black,159900,laptop,Ryans
MSI Katana 15 HX B14WFK,2026,Processor: Core i7 | Gen: 14th (Intel) | RAM: 16GB | Storage: 512GB SSD | GPU: Nvidia RTX 5060 Graphics | GPU Mem: 8GB | Display: 15.6 | Color: Black,188900,laptop,Ryans
MSI Katana 15 HX B14WGK,2026,Processor: Core i7 | Gen: 14th (Intel) | RAM: 16GB | Storage: 512GB SSD | GPU: Nvidia RTX 5070 Graphics | GPU Mem: 8GB | Display: 15.6 | Color: Black,221900,laptop,Ryans
MSI Modern 14 F13MG,2026,Processor: Core i5 | Gen: 13th (Intel) | RAM: 8GB | Storage: 512GB SSD | GPU: Intel Iris Xe Graphics | GPU Mem: Shared | Display: 14 | Color: Platinum Gray,68500,laptop,Ryans
MSI Modern 15 F13MG,2026,Processor: Core i5 | Gen: 13th (Intel) | RAM: 8GB | Storage: 512GB SSD | GPU: Intel Iris Xe Graphics | GPU Mem: Shared | Display: 15.6 | Color: Urban Silver,69000,laptop,Ryans
MSI Modern 15 F1MG Series 1 ,2026,Processor: Core 5 | Gen: Core Series 1 | RAM: 8GB | Storage: 512GB SSD | GPU: Intel Graphics | GPU Mem: Shared | Display: 15.6 | Color: Urban Silver,79400,laptop,Ryans
MSI Modern 15 F1MG Series 1 ,2026,Processor: Core 7 | Gen: Core Series 1 | RAM: 8GB | Storage: 1TB SSD | GPU: Intel Graphics | GPU Mem: Shared | Display: 15.6 | Color: Urban Silver,102900,laptop,Ryans
MSI Modern A15 AI F2HMG ,2026,Processor: Ryzen 5 | Gen: Ryzen | RAM: 16GB | Storage: 512GB SSD | GPU: AMD Radeon 740M Graphics | GPU Mem: Shared | Display: 15.6 | Color: Platinum Gray,79000,laptop,Ryans
MSI Modern A15 AI F2HMG ,2026,Processor: Ryzen 7 | Gen: Ryzen | RAM: 16GB | Storage: 512GB SSD | GPU: AMD Radeon 780M Graphics | GPU Mem: Shared | Display: 15.6 | Color: Platinum Gray,89000,laptop,Ryans
MSI Prestige 13 AI+ Ukiyoe Edition A2VMG,2026,Processor: Core Ultra 9 | Gen: Ultra | RAM: 32GB | Storage: 2TB SSD | GPU: Intel Arc 140V Graphics | GPU Mem: Shared | Display: 13.3 | Color: Ukiyoe Edition,325000,laptop,Ryans
MSI Thin 15 B13VE ,2026,Processor: Core i5 | Gen: 13th (Intel) | RAM: 8GB | Storage: 512GB SSD | GPU: Nvidia RTX 4050 Graphics | GPU Mem: 6GB | Display: 15.6 | Color: Cosmos Gray,105900,laptop,Ryans
MSI Vector 16 HX AI A2XWIG Series 2,2026,Processor: Core Ultra 9 | Gen: Ultra | RAM: 16GB | Storage: 1TB SSD | GPU: Nvidia RTX 5080 Graphics | GPU Mem: 16GB | Display: 16 | Color: Cosmos Gray,449900,laptop,Ryans
MSI VenturePro 15 A2RWEG Series 2,2026,Processor: Core 5 | Gen: Core Series 2 | RAM: 16GB | Storage: 512GB SSD | GPU: Nvidia RTX 5050 Graphics | GPU Mem: 8GB | Display: 15.6 | Color: Solid Gray,148900,laptop,Ryans
Smart Flairedge,2026,Processor: Core i5 | Gen: 13th (Intel) | RAM: 8GB | Storage: 512GB SSD | GPU: Intel Iris Xe Graphics | GPU Mem: Shared | Display: 15.6 | Color: Gray,64500,laptop,Ryans
Smart Flairedge,2026,Processor: Core i5 | Gen: 12th (Intel) | RAM: 8GB | Storage: 512GB SSD | GPU: Intel Iris Xe Graphics | GPU Mem: Shared | Display: 16 | Color: Silver,59000,laptop,Ryans
Smart Flairedge,2026,Processor: Core i7 | Gen: 12th (Intel) | RAM: 8GB | Storage: 512GB SSD | GPU: Intel Iris Xe Graphics | GPU Mem: Shared | Display: 15.6 | Color: Silver,67500,laptop,Ryans
Smart Flairedge ,2026,Processor: Core i7 | Gen: 12th (Intel) | RAM: 8GB | Storage: 512GB SSD | GPU: Intel Iris Xe Graphics | GPU Mem: Shared | Display: 16 | Color: Silver,68500,laptop,Ryans
Smart Flairedge ,2026,Processor: Core i5 | Gen: 12th (Intel) | RAM: 8GB | Storage: 512GB SSD | GPU: Intel Iris Xe Graphics | GPU Mem: Shared | Display: 15.6 | Color: Silver,54500,laptop,Ryans
TECNO Megabook K15S,2026,Processor: Ryzen 5 | Gen: Ryzen | RAM: 16GB | Storage: 512GB SSD | GPU: AMD Radeon Graphics | GPU Mem: Shared | Display: 15.6 | Color: Silver,57500,laptop,Ryans
TECNO Megabook K16S ,2026,Processor: Ryzen 5 | Gen: Ryzen | RAM: 16GB | Storage: 512GB SSD | GPU: AMD Radeon Graphics | GPU Mem: Shared | Display: 16 | Color: Galaxy Silver,61900,laptop,Ryans
TECNO Megabook T14 Air,2026,Processor: Core i5 | Gen: 13th (Intel) | RAM: 16GB | Storage: 512GB SSD | GPU: Intel Iris Xe Graphics | GPU Mem: Shared | Display: 14 | Color: Moonshine Silver,71900,laptop,Ryans
iPhone 17 Pro Max,2025,A19 Pro chip; 48MP triple camera; 120Hz OLED; 5000mAh,153890,camera,reference
Samsung Galaxy S25 Ultra,2025,Snapdragon 8 Elite; 200MP camera; 120Hz AMOLED; S-Pen,142890,performance,reference
Google Pixel 9 Pro,2025,Tensor G4; AI camera; 120Hz OLED; 4700mAh,109890,camera,reference
OnePlus 13 Pro,2025,Snapdragon 8 Gen 4; 100W charging; AMOLED; 5000mAh,98890,performance,reference
Xiaomi 15 Ultra,2025,Leica camera; Snapdragon 8 Elite; 120Hz AMOLED,131890,camera,reference
Sony Xperia 1 VII,2025,4K OLED; Snapdragon 8 Elite; pro camera system,131890,camera,reference
Oppo Find X9 Ultra,2026,200MP dual cam; Snapdragon 8 Elite Gen 5; 144Hz OLED,159390,camera,reference
Vivo X100 Pro+,2025,Zeiss optics; Dimensity 9400; 120Hz AMOLED,120890,camera,reference
Huawei P70 Pro,2025,KirIN chip; XMAGE camera; OLED display,120890,camera,reference
Asus ROG Phone 9,2025,Gaming triggers; Snapdragon 8 Elite; 165Hz AMOLED,109890,performance,reference
Nothing Phone 3,2025,Snapdragon chip; Glyph UI; OLED,76890,daily use,reference
Motorola Edge 50 Ultra,2025,144Hz display; Snapdragon chip; 50MP cam,87890,daily use,reference
Realme GT 7 Pro,2025,Snapdragon flagship; 150W charging,76890,performance,reference
iQOO 13 Pro,2025,Snapdragon 8 Elite; gaming cooling system,87890,performance,reference
Honor Magic 8 Pro,2026,200MP camera; 7100mAh battery,131890,daily use,reference
Samsung Galaxy Z Fold 6,2025,foldable display; Snapdragon chip,197890,productivity,reference
Samsung Galaxy Z Flip 6,2025,compact foldable; AMOLED,109890,daily use,reference
Google Pixel Fold 2,2025,foldable OLED; Tensor chip,175890,productivity,reference
OnePlus Open 2,2025,foldable AMOLED; Snapdragon chip,164890,productivity,reference
Xiaomi Mix Fold 4,2025,foldable; Leica camera,164890,productivity,reference
Sony Xperia 5 V,2025,compact flagship; OLED; Snapdragon,98890,daily use,reference
Huawei Mate 60 Pro+,2025,flagship camera; OLED,142890,camera,reference
Asus Zenfone 11 Ultra,2025,compact flagship; Snapdragon chip,98890,daily use,reference
Oppo Reno 12 Pro+,2025,AI camera; AMOLED,87890,camera,reference
Vivo V30 Pro+,2025,portrait camera; AMOLED,87890,camera,reference
Realme GT Neo 6 Pro,2025,fast charging; Snapdragon,76890,performance,reference
Honor 600 Pro,2026,200MP cam; Snapdragon 8 Elite,86240,camera,reference
Samsung Galaxy S25+,2025,Snapdragon 8 Elite; AMOLED,120890,daily use,reference
iPhone 17,2025,A19 chip; OLED,109890,daily use,reference
iPhone 17 Air,2025,thin design; OLED,120890,daily use,reference
Pixel 9,2025,Tensor chip; OLED,87890,daily use,reference
OnePlus 13,2025,Snapdragon chip; AMOLED,87890,performance,reference
Xiaomi 15,2025,Snapdragon chip; AMOLED,87890,performance,reference
Sony Xperia 1 VI,2025,4K OLED; Snapdragon,131890,camera,reference
Motorola Edge 50 Pro,2025,OLED; Snapdragon chip,76890,daily use,reference
Nothing Phone 2a Pro,2025,OLED; Snapdragon chip,65890,daily use,reference
Realme GT 6,2025,fast charging; Snapdragon,65890,performance,reference
iQOO Neo 9 Pro+,2025,gaming; Snapdragon chip,76890,performance,reference
Vivo X90 Pro+,2025,Zeiss camera; AMOLED,120890,camera,reference
Huawei P60 Pro+,2025,flagship camera,120890,camera,reference
MacBook Pro M4,2025,M4 chip; 16-inch Retina; 18GB RAM,274890,performance,reference
MacBook Air M4,2025,M4 chip; 13-inch; lightweight,142890,daily use,reference
Dell XPS 15 2025,2025,Intel i9; OLED; RTX 4070,252890,performance,reference
HP Spectre x360 2025,2025,Intel Ultra; OLED; 2-in-1,197890,productivity,reference
Lenovo ThinkPad X1 Carbon Gen 13,2025,Intel Ultra; business laptop,219890,productivity,reference
Asus ROG Zephyrus G16,2025,Ryzen 9; RTX 4080,274890,gaming,reference
Acer Predator Helios 18,2025,Intel i9; RTX 4090,329890,gaming,reference
MSI Raider GE78,2025,Intel i9; RTX 4090,318890,gaming,reference
Razer Blade 16,2025,Intel i9; RTX 4080; premium build,307890,gaming,reference
Apple MacBook Pro 14 M4,2025,M4 chip; Retina,219890,performance,reference
Dell Alienware m18 R2,2025,Intel i9; RTX 4090,329890,gaming,reference
HP Omen 17 2025,2025,Intel i7; RTX 4070,219890,gaming,reference
Lenovo Legion 9i,2025,Intel i9; RTX 4090,318890,gaming,reference
Asus TUF Gaming F15 2025,2025,Intel i7; RTX 4060,164890,gaming,reference
Acer Nitro 16,2025,Ryzen 7; RTX 4060,153890,gaming,reference
MSI Stealth 16 AI,2025,Intel Ultra; RTX 4070,241890,performance,reference
Razer Blade 14,2025,Ryzen 9; RTX 4070,263890,gaming,reference
MacBook Air 15 M4,2025,M4 chip; large display,164890,daily use,reference
Dell Inspiron 16 Plus,2025,Intel i7; RTX 4060,153890,daily use,reference
HP Pavilion Plus 14,2025,Intel i5; OLED,109890,daily use,reference
Lenovo Yoga 9i,2025,Intel Ultra; OLED; 2-in-1,186890,productivity,reference
Asus Zenbook 14 OLED,2025,Intel Ultra; OLED,131890,daily use,reference
Acer Swift X 14,2025,Ryzen 7; RTX 4050,142890,performance,reference
MSI Prestige 14 AI,2025,Intel Ultra; lightweight,153890,productivity,reference
Samsung Galaxy Book 4 Ultra,2025,Intel Ultra; RTX 4070,263890,performance,reference
LG Gram 17 2025,2025,Intel Ultra; ultra-light,186890,daily use,reference
Microsoft Surface Laptop 6,2025,Intel Ultra; touchscreen,175890,productivity,reference
Surface Laptop Studio 2,2025,Intel i7; RTX 4060,241890,creative,reference
Dell Latitude 9440,2025,business ultrabook,219890,productivity,reference
HP Elite Dragonfly G4,2025,ultralight; business laptop,219890,productivity,reference
Lenovo ThinkBook 16p,2025,Intel i9; RTX 4060,197890,performance,reference
Asus Vivobook Pro 15,2025,OLED; RTX 4050,142890,performance,reference
Acer Aspire 7 2025,2025,Ryzen 5; GTX 1650,98890,daily use,reference
MSI Katana 17,2025,Intel i7; RTX 4060,153890,gaming,reference
Razer Blade 18,2025,Intel i9; RTX 4090,384890,gaming,reference
Gigabyte Aorus 17X,2025,Intel i9; RTX 4090,329890,gaming,reference
Samsung Galaxy Book Flex 3,2025,2-in-1; AMOLED,175890,productivity,reference
Huawei MateBook X Pro 2025,2025,Intel Ultra; lightweight,197890,daily use,reference